scenario,mode,memory_mode,backend,model,round,stage,prompt_tokens,output_tokens,total_tokens,latency,ttft,tokens_per_second,peak_gpu_memory_mb,success,score,prefix_cache_hit_rate,cached_prompt_tokens,kv_cache_usage
ablation,baseline,-1,vllm,-1,-1,-1,6737,97,14247,4.1131138450000435,2.548779702000502,-1,-1,True,1.0,-1,-1,-1
ablation,stable_prefix_only,-1,vllm,-1,-1,-1,6737,97,14247,1.9154216060005638,0.3480536610004492,-1,-1,True,1.0,-1,-1,-1
ablation,skill_lazy_loading_only,-1,vllm,-1,-1,-1,6627,133,14024,4.161323500000435,2.000134540000545,-1,-1,True,1.0,-1,-1,-1
ablation,tool_externalization_only,-1,vllm,-1,-1,-1,1026,137,1828,4.487253975000385,0.4157615989997794,-1,-1,True,1.0,-1,-1,-1
ablation,history_summary_only,-1,vllm,-1,-1,-1,6568,60,13914,2.838071955000487,1.8769724690000658,-1,-1,True,1.0,-1,-1,-1
ablation,full_optimized,-1,vllm,-1,-1,-1,748,155,1291,2.9359672649998174,0.4438109140000961,-1,-1,True,1.0,-1,-1,-1
branching,baseline,baseline,vllm,/home/vip/.cache/huggingface/hub/models--Qwen--Qwen2.5-7B-Instruct/snapshots/a09a35458c702b33eeacc393d103063234e8bc28,2,branching,4108,512,2868,9.674382936000256,1.6973218709999855,52.92327204609078,-1,True,1.0,-1,-1,-1
branching,baseline,baseline,vllm,/home/vip/.cache/huggingface/hub/models--Qwen--Qwen2.5-7B-Instruct/snapshots/a09a35458c702b33eeacc393d103063234e8bc28,4,branching,8216,512,2925,9.137242095999682,0.3016991849999613,56.03441329678191,-1,True,1.0,-1,-1,-1
branching,baseline,baseline,vllm,/home/vip/.cache/huggingface/hub/models--Qwen--Qwen2.5-7B-Instruct/snapshots/a09a35458c702b33eeacc393d103063234e8bc28,8,branching,16432,512,3056,13.634592664999218,0.3063701389992275,37.55154353194089,-1,True,1.0,-1,-1,-1
branching,optimized,optimized,vllm,/home/vip/.cache/huggingface/hub/models--Qwen--Qwen2.5-7B-Instruct/snapshots/a09a35458c702b33eeacc393d103063234e8bc28,2,branching,2288,512,2868,14.368189904000246,0.2969265789997735,35.63427289177561,-1,True,1.0,-1,-1,-1
branching,optimized,optimized,vllm,/home/vip/.cache/huggingface/hub/models--Qwen--Qwen2.5-7B-Instruct/snapshots/a09a35458c702b33eeacc393d103063234e8bc28,4,branching,2756,512,2925,14.182539905999874,0.30002512899955036,36.10072690741382,-1,True,1.0,-1,-1,-1
branching,optimized,optimized,vllm,/home/vip/.cache/huggingface/hub/models--Qwen--Qwen2.5-7B-Instruct/snapshots/a09a35458c702b33eeacc393d103063234e8bc28,8,branching,3692,512,3056,14.13016721799977,0.2913317989996358,36.23453226709071,-1,True,1.0,-1,-1,-1
branching,baseline,baseline,vllm,/home/vip/.cache/huggingface/hub/models--Qwen--Qwen2.5-7B-Instruct/snapshots/a09a35458c702b33eeacc393d103063234e8bc28,2,branching,4108,512,2868,9.674382936000256,1.6973218709999855,52.92327204609078,-1,True,1.0,-1,-1,-1
branching,baseline,baseline,vllm,/home/vip/.cache/huggingface/hub/models--Qwen--Qwen2.5-7B-Instruct/snapshots/a09a35458c702b33eeacc393d103063234e8bc28,4,branching,8216,512,2925,9.137242095999682,0.3016991849999613,56.03441329678191,-1,True,1.0,-1,-1,-1
branching,baseline,baseline,vllm,/home/vip/.cache/huggingface/hub/models--Qwen--Qwen2.5-7B-Instruct/snapshots/a09a35458c702b33eeacc393d103063234e8bc28,8,branching,16432,512,3056,13.634592664999218,0.3063701389992275,37.55154353194089,-1,True,1.0,-1,-1,-1
branching,optimized,optimized,vllm,/home/vip/.cache/huggingface/hub/models--Qwen--Qwen2.5-7B-Instruct/snapshots/a09a35458c702b33eeacc393d103063234e8bc28,2,branching,2288,512,2868,14.368189904000246,0.2969265789997735,35.63427289177561,-1,True,1.0,-1,-1,-1
branching,optimized,optimized,vllm,/home/vip/.cache/huggingface/hub/models--Qwen--Qwen2.5-7B-Instruct/snapshots/a09a35458c702b33eeacc393d103063234e8bc28,4,branching,2756,512,2925,14.182539905999874,0.30002512899955036,36.10072690741382,-1,True,1.0,-1,-1,-1
branching,optimized,optimized,vllm,/home/vip/.cache/huggingface/hub/models--Qwen--Qwen2.5-7B-Instruct/snapshots/a09a35458c702b33eeacc393d103063234e8bc28,8,branching,3692,512,3056,14.13016721799977,0.2913317989996358,36.23453226709071,-1,True,1.0,-1,-1,-1
long-session,full_history,full_history,vllm,/home/vip/.cache/huggingface/hub/models--Qwen--Qwen2.5-7B-Instruct/snapshots/a09a35458c702b33eeacc393d103063234e8bc28,1,planning,708,31,739,1.436500967000029,0.9758390509996389,21.58021519800298,-1,True,1.0,-1,-1,-1
long-session,full_history,full_history,vllm,/home/vip/.cache/huggingface/hub/models--Qwen--Qwen2.5-7B-Instruct/snapshots/a09a35458c702b33eeacc393d103063234e8bc28,2,reflection,763,30,793,0.751995301999159,0.3049632679994829,39.89386625188458,-1,True,1.0,-1,-1,-1
long-session,full_history,full_history,vllm,/home/vip/.cache/huggingface/hub/models--Qwen--Qwen2.5-7B-Instruct/snapshots/a09a35458c702b33eeacc393d103063234e8bc28,3,reflection,819,34,853,0.8073319429995536,0.29336280600000464,42.11402793462713,-1,True,1.0,-1,-1,-1
long-session,full_history,full_history,vllm,/home/vip/.cache/huggingface/hub/models--Qwen--Qwen2.5-7B-Instruct/snapshots/a09a35458c702b33eeacc393d103063234e8bc28,4,reflection,877,166,1043,2.879917939999359,0.32051775399941107,57.6405312437607,-1,True,1.0,-1,-1,-1
long-session,full_history,full_history,vllm,/home/vip/.cache/huggingface/hub/models--Qwen--Qwen2.5-7B-Instruct/snapshots/a09a35458c702b33eeacc393d103063234e8bc28,5,tool_calling,1100,19,1119,0.5939711309993072,0.3125171430001501,32.08248681582394,-1,True,1.0,-1,-1,-1
long-session,full_history,full_history,vllm,/home/vip/.cache/huggingface/hub/models--Qwen--Qwen2.5-7B-Instruct/snapshots/a09a35458c702b33eeacc393d103063234e8bc28,6,reflection,1144,31,1175,0.7646261740001137,0.2981008289998499,40.542687464940734,-1,True,1.0,-1,-1,-1
long-session,full_history,full_history,vllm,/home/vip/.cache/huggingface/hub/models--Qwen--Qwen2.5-7B-Instruct/snapshots/a09a35458c702b33eeacc393d103063234e8bc28,7,reflection,1202,19,1221,0.5801840399999492,0.30386246199941525,32.7482293377144,-1,True,1.0,-1,-1,-1
long-session,full_history,full_history,vllm,/home/vip/.cache/huggingface/hub/models--Qwen--Qwen2.5-7B-Instruct/snapshots/a09a35458c702b33eeacc393d103063234e8bc28,8,reflection,1240,34,1274,0.8140566429992759,0.3005698069991922,41.76613543098406,-1,True,1.0,-1,-1,-1
long-session,full_history,full_history,vllm,/home/vip/.cache/huggingface/hub/models--Qwen--Qwen2.5-7B-Instruct/snapshots/a09a35458c702b33eeacc393d103063234e8bc28,9,reflection,1298,33,1331,0.7975796190003166,0.2981831430006423,41.375179623273326,-1,True,1.0,-1,-1,-1
long-session,full_history,full_history,vllm,/home/vip/.cache/huggingface/hub/models--Qwen--Qwen2.5-7B-Instruct/snapshots/a09a35458c702b33eeacc393d103063234e8bc28,10,tool_calling,1392,20,1412,0.6108708459987611,0.3038052179999795,33.418434881624776,-1,True,1.0,-1,-1,-1
long-session,full_history,full_history,vllm,/home/vip/.cache/huggingface/hub/models--Qwen--Qwen2.5-7B-Instruct/snapshots/a09a35458c702b33eeacc393d103063234e8bc28,11,reflection,1439,35,1474,0.8317967889997817,0.2998692419996587,42.077584889557905,-1,True,1.0,-1,-1,-1
long-session,full_history,full_history,vllm,/home/vip/.cache/huggingface/hub/models--Qwen--Qwen2.5-7B-Instruct/snapshots/a09a35458c702b33eeacc393d103063234e8bc28,12,reflection,1500,35,1535,0.8302893680001944,0.30088360700028716,42.153978298312744,-1,True,1.0,-1,-1,-1
long-session,full_history,full_history,vllm,/home/vip/.cache/huggingface/hub/models--Qwen--Qwen2.5-7B-Instruct/snapshots/a09a35458c702b33eeacc393d103063234e8bc28,13,reflection,1557,31,1588,0.7667078230006155,0.2998955120001483,40.43261209814878,-1,True,1.0,-1,-1,-1
long-session,full_history,full_history,vllm,/home/vip/.cache/huggingface/hub/models--Qwen--Qwen2.5-7B-Instruct/snapshots/a09a35458c702b33eeacc393d103063234e8bc28,14,reflection,1612,33,1645,0.801865153000108,0.300960262999979,41.15405174614884,-1,True,1.0,-1,-1,-1
long-session,full_history,full_history,vllm,/home/vip/.cache/huggingface/hub/models--Qwen--Qwen2.5-7B-Instruct/snapshots/a09a35458c702b33eeacc393d103063234e8bc28,15,tool_calling,1706,20,1726,0.629722380000203,0.3309746750001068,31.93124054382734,-1,True,1.0,-1,-1,-1
long-session,full_history,full_history,vllm,/home/vip/.cache/huggingface/hub/models--Qwen--Qwen2.5-7B-Instruct/snapshots/a09a35458c702b33eeacc393d103063234e8bc28,16,reflection,1748,30,1778,0.7530991230005384,0.3026302710004529,39.83539362052684,-1,True,1.0,-1,-1,-1
long-session,full_history,full_history,vllm,/home/vip/.cache/huggingface/hub/models--Qwen--Qwen2.5-7B-Instruct/snapshots/a09a35458c702b33eeacc393d103063234e8bc28,17,reflection,1799,30,1829,0.7519407930003581,0.3008456670004307,39.89675820126135,-1,True,1.0,-1,-1,-1
long-session,full_history,full_history,vllm,/home/vip/.cache/huggingface/hub/models--Qwen--Qwen2.5-7B-Instruct/snapshots/a09a35458c702b33eeacc393d103063234e8bc28,18,reflection,1861,41,1902,0.9322349630001554,0.3062118850002662,43.980328594469555,-1,True,1.0,-1,-1,-1
long-session,full_history,full_history,vllm,/home/vip/.cache/huggingface/hub/models--Qwen--Qwen2.5-7B-Instruct/snapshots/a09a35458c702b33eeacc393d103063234e8bc28,19,reflection,1924,31,1955,0.7671215359996495,0.29947066899967467,40.41080656092304,-1,True,1.0,-1,-1,-1
long-session,full_history,full_history,vllm,/home/vip/.cache/huggingface/hub/models--Qwen--Qwen2.5-7B-Instruct/snapshots/a09a35458c702b33eeacc393d103063234e8bc28,20,tool_calling,2016,20,2036,0.6215006869988429,0.3089532789999794,32.88644372482438,-1,True,1.0,-1,-1,-1
long-session,full_history,full_history,vllm,/home/vip/.cache/huggingface/hub/models--Qwen--Qwen2.5-7B-Instruct/snapshots/a09a35458c702b33eeacc393d103063234e8bc28,21,reflection,2061,33,2094,0.8075487490004889,0.3088523830001577,40.86440606940996,-1,True,1.0,-1,-1,-1
long-session,full_history,full_history,vllm,/home/vip/.cache/huggingface/hub/models--Qwen--Qwen2.5-7B-Instruct/snapshots/a09a35458c702b33eeacc393d103063234e8bc28,22,reflection,2123,38,2161,0.8774008740001591,0.2985318660003031,43.30973575026677,-1,True,1.0,-1,-1,-1
long-session,full_history,full_history,vllm,/home/vip/.cache/huggingface/hub/models--Qwen--Qwen2.5-7B-Instruct/snapshots/a09a35458c702b33eeacc393d103063234e8bc28,23,reflection,2185,33,2218,0.7978475850004543,0.3011493170006361,41.3612833082414,-1,True,1.0,-1,-1,-1
long-session,full_history,full_history,vllm,/home/vip/.cache/huggingface/hub/models--Qwen--Qwen2.5-7B-Instruct/snapshots/a09a35458c702b33eeacc393d103063234e8bc28,24,reflection,2240,31,2271,0.778800813000089,0.3117055550001169,39.80478638765425,-1,True,1.0,-1,-1,-1
long-session,full_history,full_history,vllm,/home/vip/.cache/huggingface/hub/models--Qwen--Qwen2.5-7B-Instruct/snapshots/a09a35458c702b33eeacc393d103063234e8bc28,25,tool_calling,2332,20,2352,0.6179612109999653,0.30660397599967837,33.077754206367494,-1,True,1.0,-1,-1,-1
long-session,full_history,full_history,vllm,/home/vip/.cache/huggingface/hub/models--Qwen--Qwen2.5-7B-Instruct/snapshots/a09a35458c702b33eeacc393d103063234e8bc28,26,reflection,2376,32,2408,0.7836843940003746,0.299350479000168,40.832764113948535,-1,True,1.0,-1,-1,-1
long-session,full_history,full_history,vllm,/home/vip/.cache/huggingface/hub/models--Qwen--Qwen2.5-7B-Instruct/snapshots/a09a35458c702b33eeacc393d103063234e8bc28,27,reflection,2429,30,2459,0.7581021140003941,0.30785452899999655,39.57250539995778,-1,True,1.0,-1,-1,-1
long-session,full_history,full_history,vllm,/home/vip/.cache/huggingface/hub/models--Qwen--Qwen2.5-7B-Instruct/snapshots/a09a35458c702b33eeacc393d103063234e8bc28,28,reflection,2486,36,2522,0.8811372399995889,0.3355017449994193,40.85629158065864,-1,True,1.0,-1,-1,-1
long-session,full_history,full_history,vllm,/home/vip/.cache/huggingface/hub/models--Qwen--Qwen2.5-7B-Instruct/snapshots/a09a35458c702b33eeacc393d103063234e8bc28,29,reflection,2544,31,2575,0.7725563300000431,0.30490105300032155,40.12652384842704,-1,True,1.0,-1,-1,-1
long-session,full_history,full_history,vllm,/home/vip/.cache/huggingface/hub/models--Qwen--Qwen2.5-7B-Instruct/snapshots/a09a35458c702b33eeacc393d103063234e8bc28,30,tool_calling,2636,20,2656,0.6094059930001094,0.3005983800003378,33.51041139495614,-1,True,1.0,-1,-1,-1
long-session,full_history,full_history,vllm,/home/vip/.cache/huggingface/hub/models--Qwen--Qwen2.5-7B-Instruct/snapshots/a09a35458c702b33eeacc393d103063234e8bc28,31,reflection,2677,29,2706,0.7365934969993759,0.29985481799940317,39.37042631809248,-1,True,1.0,-1,-1,-1
long-session,full_history,full_history,vllm,/home/vip/.cache/huggingface/hub/models--Qwen--Qwen2.5-7B-Instruct/snapshots/a09a35458c702b33eeacc393d103063234e8bc28,32,reflection,2730,33,2763,0.8004032509998069,0.3020195560002321,41.229217845853,-1,True,1.0,-1,-1,-1
long-session,full_history,full_history,vllm,/home/vip/.cache/huggingface/hub/models--Qwen--Qwen2.5-7B-Instruct/snapshots/a09a35458c702b33eeacc393d103063234e8bc28,33,reflection,2788,34,2822,0.8115614159996767,0.2985713420002867,41.8945496048737,-1,True,1.0,-1,-1,-1
long-session,full_history,full_history,vllm,/home/vip/.cache/huggingface/hub/models--Qwen--Qwen2.5-7B-Instruct/snapshots/a09a35458c702b33eeacc393d103063234e8bc28,34,reflection,2843,30,2873,0.7602688289998696,0.30700129400065634,39.45972642264562,-1,True,1.0,-1,-1,-1
long-session,full_history,full_history,vllm,/home/vip/.cache/huggingface/hub/models--Qwen--Qwen2.5-7B-Instruct/snapshots/a09a35458c702b33eeacc393d103063234e8bc28,35,tool_calling,2934,20,2954,0.6053163209999184,0.30482631199993193,33.11704343886719,-1,True,1.0,-1,-1,-1
long-session,full_history,full_history,vllm,/home/vip/.cache/huggingface/hub/models--Qwen--Qwen2.5-7B-Instruct/snapshots/a09a35458c702b33eeacc393d103063234e8bc28,36,reflection,2978,32,3010,0.7863503259995923,0.30136330200002703,40.694330430043706,-1,True,1.0,-1,-1,-1
long-session,full_history,full_history,vllm,/home/vip/.cache/huggingface/hub/models--Qwen--Qwen2.5-7B-Instruct/snapshots/a09a35458c702b33eeacc393d103063234e8bc28,37,reflection,3036,35,3071,0.8350169780005672,0.30167912900014926,41.91531540329498,-1,True,1.0,-1,-1,-1
long-session,full_history,full_history,vllm,/home/vip/.cache/huggingface/hub/models--Qwen--Qwen2.5-7B-Instruct/snapshots/a09a35458c702b33eeacc393d103063234e8bc28,38,reflection,3094,32,3126,0.7914387740001985,0.3015083459995367,40.43269176497534,-1,True,1.0,-1,-1,-1
long-session,full_history,full_history,vllm,/home/vip/.cache/huggingface/hub/models--Qwen--Qwen2.5-7B-Instruct/snapshots/a09a35458c702b33eeacc393d103063234e8bc28,39,reflection,3147,30,3177,0.7593375269998432,0.3058912099995723,39.50812245317383,-1,True,1.0,-1,-1,-1
long-session,full_history,full_history,vllm,/home/vip/.cache/huggingface/hub/models--Qwen--Qwen2.5-7B-Instruct/snapshots/a09a35458c702b33eeacc393d103063234e8bc28,40,tool_calling,3238,20,3258,0.6037020540006779,0.30365157699998235,33.22868198080394,-1,True,1.0,-1,-1,-1
long-session,full_history,full_history,vllm,/home/vip/.cache/huggingface/hub/models--Qwen--Qwen2.5-7B-Instruct/snapshots/a09a35458c702b33eeacc393d103063234e8bc28,41,reflection,3282,32,3314,0.7851859909997074,0.3005806479995954,40.75467515570069,-1,True,1.0,-1,-1,-1
long-session,full_history,full_history,vllm,/home/vip/.cache/huggingface/hub/models--Qwen--Qwen2.5-7B-Instruct/snapshots/a09a35458c702b33eeacc393d103063234e8bc28,42,reflection,3339,34,3373,0.8200380730004326,0.3051368780006669,41.46148955693922,-1,True,1.0,-1,-1,-1
long-session,full_history,full_history,vllm,/home/vip/.cache/huggingface/hub/models--Qwen--Qwen2.5-7B-Instruct/snapshots/a09a35458c702b33eeacc393d103063234e8bc28,43,reflection,3395,31,3426,0.7834547970005588,0.31048387800001365,39.56833261942219,-1,True,1.0,-1,-1,-1
long-session,full_history,full_history,vllm,/home/vip/.cache/huggingface/hub/models--Qwen--Qwen2.5-7B-Instruct/snapshots/a09a35458c702b33eeacc393d103063234e8bc28,44,reflection,3451,34,3485,0.8219737749996057,0.3048289759999534,41.3638500814899,-1,True,1.0,-1,-1,-1
long-session,full_history,full_history,vllm,/home/vip/.cache/huggingface/hub/models--Qwen--Qwen2.5-7B-Instruct/snapshots/a09a35458c702b33eeacc393d103063234e8bc28,45,tool_calling,3546,20,3566,0.6049949429998378,0.32052611999915825,33.1151763467246,-1,True,1.0,-1,-1,-1
long-session,full_history,full_history,vllm,/home/vip/.cache/huggingface/hub/models--Qwen--Qwen2.5-7B-Instruct/snapshots/a09a35458c702b33eeacc393d103063234e8bc28,46,reflection,3590,32,3622,0.8181667279995963,0.33289732499997626,39.111832472385494,-1,True,1.0,-1,-1,-1
long-session,full_history,full_history,vllm,/home/vip/.cache/huggingface/hub/models--Qwen--Qwen2.5-7B-Instruct/snapshots/a09a35458c702b33eeacc393d103063234e8bc28,47,reflection,3645,32,3677,0.7990151790008895,0.31304091900074127,40.04930174169367,-1,True,1.0,-1,-1,-1
long-session,full_history,full_history,vllm,/home/vip/.cache/huggingface/hub/models--Qwen--Qwen2.5-7B-Instruct/snapshots/a09a35458c702b33eeacc393d103063234e8bc28,48,reflection,3703,35,3738,0.8404882549993999,0.30737859700002446,41.64246173793944,-1,True,1.0,-1,-1,-1
long-session,full_history,full_history,vllm,/home/vip/.cache/huggingface/hub/models--Qwen--Qwen2.5-7B-Instruct/snapshots/a09a35458c702b33eeacc393d103063234e8bc28,49,reflection,3760,31,3791,0.7801263040000777,0.3090380240000741,39.737155177371015,-1,True,1.0,-1,-1,-1
long-session,full_history,full_history,vllm,/home/vip/.cache/huggingface/hub/models--Qwen--Qwen2.5-7B-Instruct/snapshots/a09a35458c702b33eeacc393d103063234e8bc28,50,final_answer,3824,60,3884,1.2324000420003358,0.3070148770002561,48.68549006425923,-1,False,0.75,-1,-1,-1
long-session,event_sourced_memory,event_sourced_memory,vllm,/home/vip/.cache/huggingface/hub/models--Qwen--Qwen2.5-7B-Instruct/snapshots/a09a35458c702b33eeacc393d103063234e8bc28,1,planning,499,79,578,3.9302857120001136,0.41603819000010844,20.10031987211359,-1,True,1.0,-1,-1,-1
long-session,event_sourced_memory,event_sourced_memory,vllm,/home/vip/.cache/huggingface/hub/models--Qwen--Qwen2.5-7B-Instruct/snapshots/a09a35458c702b33eeacc393d103063234e8bc28,2,reflection,552,97,649,1.7978964449994237,0.3034107829998902,53.95193937325522,-1,True,1.0,-1,-1,-1
long-session,event_sourced_memory,event_sourced_memory,vllm,/home/vip/.cache/huggingface/hub/models--Qwen--Qwen2.5-7B-Instruct/snapshots/a09a35458c702b33eeacc393d103063234e8bc28,3,reflection,618,124,742,2.2225842010002452,0.3144418800002313,55.79091219320078,-1,True,1.0,-1,-1,-1
long-session,event_sourced_memory,event_sourced_memory,vllm,/home/vip/.cache/huggingface/hub/models--Qwen--Qwen2.5-7B-Instruct/snapshots/a09a35458c702b33eeacc393d103063234e8bc28,4,reflection,1011,106,1117,1.9870196330002727,0.3496580190003442,53.3462268009636,-1,True,1.0,-1,-1,-1
long-session,event_sourced_memory,event_sourced_memory,vllm,/home/vip/.cache/huggingface/hub/models--Qwen--Qwen2.5-7B-Instruct/snapshots/a09a35458c702b33eeacc393d103063234e8bc28,5,tool_calling,2643,293,2936,5.515033265000056,0.3460604609999791,53.535376324233894,-1,True,1.0,-1,-1,-1
long-session,event_sourced_memory,event_sourced_memory,vllm,/home/vip/.cache/huggingface/hub/models--Qwen--Qwen2.5-7B-Instruct/snapshots/a09a35458c702b33eeacc393d103063234e8bc28,6,reflection,1351,90,1441,1.7604197579994434,0.37557074399956036,51.12417057979217,-1,True,1.0,-1,-1,-1
long-session,event_sourced_memory,event_sourced_memory,vllm,/home/vip/.cache/huggingface/hub/models--Qwen--Qwen2.5-7B-Instruct/snapshots/a09a35458c702b33eeacc393d103063234e8bc28,7,reflection,1507,166,1673,2.9852370079997854,0.42170017899934464,55.60697510956622,-1,True,1.0,-1,-1,-1
long-session,event_sourced_memory,event_sourced_memory,vllm,/home/vip/.cache/huggingface/hub/models--Qwen--Qwen2.5-7B-Instruct/snapshots/a09a35458c702b33eeacc393d103063234e8bc28,8,reflection,1523,202,1725,3.5319647570004236,0.40169440699992265,57.19196365128843,-1,True,1.0,-1,-1,-1
long-session,event_sourced_memory,event_sourced_memory,vllm,/home/vip/.cache/huggingface/hub/models--Qwen--Qwen2.5-7B-Instruct/snapshots/a09a35458c702b33eeacc393d103063234e8bc28,9,reflection,1542,94,1636,1.8375284849998934,0.38830301400048484,51.155669567759354,-1,True,1.0,-1,-1,-1
long-session,event_sourced_memory,event_sourced_memory,vllm,/home/vip/.cache/huggingface/hub/models--Qwen--Qwen2.5-7B-Instruct/snapshots/a09a35458c702b33eeacc393d103063234e8bc28,10,tool_calling,3469,251,3720,4.780618668999523,0.41816565499993885,50.23028780061193,-1,True,1.0,-1,-1,-1
long-session,event_sourced_memory,event_sourced_memory,vllm,/home/vip/.cache/huggingface/hub/models--Qwen--Qwen2.5-7B-Instruct/snapshots/a09a35458c702b33eeacc393d103063234e8bc28,11,reflection,1803,81,1884,1.6691710729992337,0.4246305709993976,48.527081082501596,-1,True,1.0,-1,-1,-1
long-session,event_sourced_memory,event_sourced_memory,vllm,/home/vip/.cache/huggingface/hub/models--Qwen--Qwen2.5-7B-Instruct/snapshots/a09a35458c702b33eeacc393d103063234e8bc28,12,reflection,1872,120,1992,3.1900149899993266,1.3365892940000776,37.61737809264192,-1,True,1.0,-1,-1,-1
long-session,event_sourced_memory,event_sourced_memory,vllm,/home/vip/.cache/huggingface/hub/models--Qwen--Qwen2.5-7B-Instruct/snapshots/a09a35458c702b33eeacc393d103063234e8bc28,13,reflection,1873,102,1975,2.0159554100000605,0.44340739000017493,50.596357188275775,-1,True,1.0,-1,-1,-1
long-session,event_sourced_memory,event_sourced_memory,vllm,/home/vip/.cache/huggingface/hub/models--Qwen--Qwen2.5-7B-Instruct/snapshots/a09a35458c702b33eeacc393d103063234e8bc28,14,reflection,1869,98,1967,1.939185560999249,0.4278453749993787,50.53667991912093,-1,True,1.0,-1,-1,-1
long-session,event_sourced_memory,event_sourced_memory,vllm,/home/vip/.cache/huggingface/hub/models--Qwen--Qwen2.5-7B-Instruct/snapshots/a09a35458c702b33eeacc393d103063234e8bc28,15,tool_calling,4170,308,4478,5.672139092999714,0.4386223909996261,54.434072751994925,-1,True,1.0,-1,-1,-1
long-session,event_sourced_memory,event_sourced_memory,vllm,/home/vip/.cache/huggingface/hub/models--Qwen--Qwen2.5-7B-Instruct/snapshots/a09a35458c702b33eeacc393d103063234e8bc28,16,reflection,2077,72,2149,1.5591663770001105,0.45326632900014374,46.178522742730294,-1,True,1.0,-1,-1,-1
long-session,event_sourced_memory,event_sourced_memory,vllm,/home/vip/.cache/huggingface/hub/models--Qwen--Qwen2.5-7B-Instruct/snapshots/a09a35458c702b33eeacc393d103063234e8bc28,17,reflection,1999,112,2111,2.1706740039999204,0.44153166499927465,51.59687718819897,-1,True,1.0,-1,-1,-1
long-session,event_sourced_memory,event_sourced_memory,vllm,/home/vip/.cache/huggingface/hub/models--Qwen--Qwen2.5-7B-Instruct/snapshots/a09a35458c702b33eeacc393d103063234e8bc28,18,reflection,2056,128,2184,2.4273627249995116,0.45240038900010404,52.73212721021155,-1,True,1.0,-1,-1,-1
long-session,event_sourced_memory,event_sourced_memory,vllm,/home/vip/.cache/huggingface/hub/models--Qwen--Qwen2.5-7B-Instruct/snapshots/a09a35458c702b33eeacc393d103063234e8bc28,19,reflection,2166,115,2281,2.236914985000112,0.46103920199948334,51.41008968653059,-1,True,1.0,-1,-1,-1
long-session,event_sourced_memory,event_sourced_memory,vllm,/home/vip/.cache/huggingface/hub/models--Qwen--Qwen2.5-7B-Instruct/snapshots/a09a35458c702b33eeacc393d103063234e8bc28,20,tool_calling,4631,341,4972,6.266017443000237,0.49711411600037536,51.58268565012453,-1,True,1.0,-1,-1,-1
long-session,event_sourced_memory,event_sourced_memory,vllm,/home/vip/.cache/huggingface/hub/models--Qwen--Qwen2.5-7B-Instruct/snapshots/a09a35458c702b33eeacc393d103063234e8bc28,21,reflection,2289,118,2407,2.291262031999395,0.46719675899930735,51.500002335844215,-1,True,1.0,-1,-1,-1
long-session,event_sourced_memory,event_sourced_memory,vllm,/home/vip/.cache/huggingface/hub/models--Qwen--Qwen2.5-7B-Instruct/snapshots/a09a35458c702b33eeacc393d103063234e8bc28,22,reflection,2251,135,2386,2.772372243999598,0.7495905739997397,48.69475962046155,-1,True,1.0,-1,-1,-1
long-session,event_sourced_memory,event_sourced_memory,vllm,/home/vip/.cache/huggingface/hub/models--Qwen--Qwen2.5-7B-Instruct/snapshots/a09a35458c702b33eeacc393d103063234e8bc28,23,reflection,2282,254,2536,4.4191578050003955,0.4730249720005304,57.47701512550473,-1,True,1.0,-1,-1,-1
long-session,event_sourced_memory,event_sourced_memory,vllm,/home/vip/.cache/huggingface/hub/models--Qwen--Qwen2.5-7B-Instruct/snapshots/a09a35458c702b33eeacc393d103063234e8bc28,24,reflection,2244,191,2435,3.42885035099971,0.4638065519993688,55.70380169677348,-1,True,1.0,-1,-1,-1
long-session,event_sourced_memory,event_sourced_memory,vllm,/home/vip/.cache/huggingface/hub/models--Qwen--Qwen2.5-7B-Instruct/snapshots/a09a35458c702b33eeacc393d103063234e8bc28,25,tool_calling,4858,284,5142,5.362619139999879,0.4713010260002193,53.58745404687,-1,True,1.0,-1,-1,-1
long-session,event_sourced_memory,event_sourced_memory,vllm,/home/vip/.cache/huggingface/hub/models--Qwen--Qwen2.5-7B-Instruct/snapshots/a09a35458c702b33eeacc393d103063234e8bc28,26,reflection,2344,153,2497,2.8413364389998605,0.47118502400007856,53.84789984738851,-1,True,1.0,-1,-1,-1
long-session,event_sourced_memory,event_sourced_memory,vllm,/home/vip/.cache/huggingface/hub/models--Qwen--Qwen2.5-7B-Instruct/snapshots/a09a35458c702b33eeacc393d103063234e8bc28,27,reflection,2310,124,2434,2.392392808000295,0.47493965700050467,51.830953338990604,-1,True,1.0,-1,-1,-1
long-session,event_sourced_memory,event_sourced_memory,vllm,/home/vip/.cache/huggingface/hub/models--Qwen--Qwen2.5-7B-Instruct/snapshots/a09a35458c702b33eeacc393d103063234e8bc28,28,reflection,2342,213,2555,3.7880021850005505,0.4800247080002009,56.23016819879924,-1,True,1.0,-1,-1,-1
long-session,event_sourced_memory,event_sourced_memory,vllm,/home/vip/.cache/huggingface/hub/models--Qwen--Qwen2.5-7B-Instruct/snapshots/a09a35458c702b33eeacc393d103063234e8bc28,29,reflection,2328,157,2485,2.9081278690000545,0.47169615699931455,53.986622002967046,-1,True,1.0,-1,-1,-1
long-session,event_sourced_memory,event_sourced_memory,vllm,/home/vip/.cache/huggingface/hub/models--Qwen--Qwen2.5-7B-Instruct/snapshots/a09a35458c702b33eeacc393d103063234e8bc28,30,tool_calling,4935,263,5198,5.04744607900011,0.4745464619991253,51.073866608363666,-1,True,1.0,-1,-1,-1
long-session,event_sourced_memory,event_sourced_memory,vllm,/home/vip/.cache/huggingface/hub/models--Qwen--Qwen2.5-7B-Instruct/snapshots/a09a35458c702b33eeacc393d103063234e8bc28,31,reflection,2453,153,2606,2.873360497000249,0.5037382700002127,53.24775647181411,-1,True,1.0,-1,-1,-1
long-session,event_sourced_memory,event_sourced_memory,vllm,/home/vip/.cache/huggingface/hub/models--Qwen--Qwen2.5-7B-Instruct/snapshots/a09a35458c702b33eeacc393d103063234e8bc28,32,reflection,2394,445,2839,7.426267405000544,0.4934238460000415,59.92243151658601,-1,True,1.0,-1,-1,-1
long-session,event_sourced_memory,event_sourced_memory,vllm,/home/vip/.cache/huggingface/hub/models--Qwen--Qwen2.5-7B-Instruct/snapshots/a09a35458c702b33eeacc393d103063234e8bc28,33,reflection,2508,56,2564,1.3524362070002098,0.49626687099953415,41.406758936313594,-1,True,1.0,-1,-1,-1
long-session,event_sourced_memory,event_sourced_memory,vllm,/home/vip/.cache/huggingface/hub/models--Qwen--Qwen2.5-7B-Instruct/snapshots/a09a35458c702b33eeacc393d103063234e8bc28,34,reflection,2468,266,2734,4.628075055999943,0.4929249639999398,57.47529951035506,-1,True,1.0,-1,-1,-1
long-session,event_sourced_memory,event_sourced_memory,vllm,/home/vip/.cache/huggingface/hub/models--Qwen--Qwen2.5-7B-Instruct/snapshots/a09a35458c702b33eeacc393d103063234e8bc28,35,tool_calling,5125,315,5440,5.747097647000373,0.492763893999836,50.60765996986053,-1,True,1.0,-1,-1,-1
long-session,event_sourced_memory,event_sourced_memory,vllm,/home/vip/.cache/huggingface/hub/models--Qwen--Qwen2.5-7B-Instruct/snapshots/a09a35458c702b33eeacc393d103063234e8bc28,36,reflection,2480,119,2599,2.3511786749995736,0.5211621290000039,50.61291226623667,-1,True,1.0,-1,-1,-1
long-session,event_sourced_memory,event_sourced_memory,vllm,/home/vip/.cache/huggingface/hub/models--Qwen--Qwen2.5-7B-Instruct/snapshots/a09a35458c702b33eeacc393d103063234e8bc28,37,reflection,2418,512,2930,8.472633236000547,0.4916116049998891,60.42985524553242,-1,True,1.0,-1,-1,-1
long-session,event_sourced_memory,event_sourced_memory,vllm,/home/vip/.cache/huggingface/hub/models--Qwen--Qwen2.5-7B-Instruct/snapshots/a09a35458c702b33eeacc393d103063234e8bc28,38,reflection,2485,204,2689,3.7064600160001646,0.5234838300002593,55.03903970887755,-1,True,1.0,-1,-1,-1
long-session,event_sourced_memory,event_sourced_memory,vllm,/home/vip/.cache/huggingface/hub/models--Qwen--Qwen2.5-7B-Instruct/snapshots/a09a35458c702b33eeacc393d103063234e8bc28,39,reflection,2465,299,2764,5.171161670999936,0.5197653169998375,57.82066371600852,-1,True,1.0,-1,-1,-1
long-session,event_sourced_memory,event_sourced_memory,vllm,/home/vip/.cache/huggingface/hub/models--Qwen--Qwen2.5-7B-Instruct/snapshots/a09a35458c702b33eeacc393d103063234e8bc28,40,tool_calling,5245,353,5598,6.552789118000874,0.5340275950002251,53.86996115866237,-1,True,1.0,-1,-1,-1
long-session,event_sourced_memory,event_sourced_memory,vllm,/home/vip/.cache/huggingface/hub/models--Qwen--Qwen2.5-7B-Instruct/snapshots/a09a35458c702b33eeacc393d103063234e8bc28,41,reflection,2551,130,2681,2.5213094299997465,0.5129423629996381,51.56050996882722,-1,True,1.0,-1,-1,-1
long-session,event_sourced_memory,event_sourced_memory,vllm,/home/vip/.cache/huggingface/hub/models--Qwen--Qwen2.5-7B-Instruct/snapshots/a09a35458c702b33eeacc393d103063234e8bc28,42,reflection,2410,156,2566,2.929899406000004,0.5134092970001802,53.2441488197632,-1,True,1.0,-1,-1,-1
long-session,event_sourced_memory,event_sourced_memory,vllm,/home/vip/.cache/huggingface/hub/models--Qwen--Qwen2.5-7B-Instruct/snapshots/a09a35458c702b33eeacc393d103063234e8bc28,43,reflection,2545,98,2643,2.0194956229997842,0.5066520029995445,48.52696826073313,-1,True,1.0,-1,-1,-1
long-session,event_sourced_memory,event_sourced_memory,vllm,/home/vip/.cache/huggingface/hub/models--Qwen--Qwen2.5-7B-Instruct/snapshots/a09a35458c702b33eeacc393d103063234e8bc28,44,reflection,2478,122,2600,2.385689259999708,0.5007571570004075,51.13826098207565,-1,True,1.0,-1,-1,-1
long-session,event_sourced_memory,event_sourced_memory,vllm,/home/vip/.cache/huggingface/hub/models--Qwen--Qwen2.5-7B-Instruct/snapshots/a09a35458c702b33eeacc393d103063234e8bc28,45,tool_calling,5324,333,5657,6.175994644001548,0.5048103489998539,53.63386200827946,-1,True,1.0,-1,-1,-1
long-session,event_sourced_memory,event_sourced_memory,vllm,/home/vip/.cache/huggingface/hub/models--Qwen--Qwen2.5-7B-Instruct/snapshots/a09a35458c702b33eeacc393d103063234e8bc28,46,reflection,2490,98,2588,2.0719938929996715,0.5636697769996317,47.297436701477544,-1,True,1.0,-1,-1,-1
long-session,event_sourced_memory,event_sourced_memory,vllm,/home/vip/.cache/huggingface/hub/models--Qwen--Qwen2.5-7B-Instruct/snapshots/a09a35458c702b33eeacc393d103063234e8bc28,47,reflection,2509,108,2617,2.180414036000002,0.5112892949991874,49.53187707327706,-1,True,1.0,-1,-1,-1
long-session,event_sourced_memory,event_sourced_memory,vllm,/home/vip/.cache/huggingface/hub/models--Qwen--Qwen2.5-7B-Instruct/snapshots/a09a35458c702b33eeacc393d103063234e8bc28,48,reflection,2450,118,2568,2.1347555379998084,0.3109971690000748,55.27565002152981,-1,True,1.0,-1,-1,-1
long-session,event_sourced_memory,event_sourced_memory,vllm,/home/vip/.cache/huggingface/hub/models--Qwen--Qwen2.5-7B-Instruct/snapshots/a09a35458c702b33eeacc393d103063234e8bc28,49,reflection,2507,112,2619,2.2328092429997923,0.5095837310000206,50.16102488429658,-1,True,1.0,-1,-1,-1
long-session,event_sourced_memory,event_sourced_memory,vllm,/home/vip/.cache/huggingface/hub/models--Qwen--Qwen2.5-7B-Instruct/snapshots/a09a35458c702b33eeacc393d103063234e8bc28,50,final_answer,2461,131,2592,2.52719617799994,0.49991567699998996,51.83610245235307,-1,False,0.666667,-1,-1,-1
long-session,full_history,full_history,vllm,/home/vip/.cache/huggingface/hub/models--Qwen--Qwen2.5-7B-Instruct/snapshots/a09a35458c702b33eeacc393d103063234e8bc28,1,planning,708,31,739,1.436500967000029,0.9758390509996389,21.58021519800298,-1,True,1.0,-1,-1,-1
long-session,full_history,full_history,vllm,/home/vip/.cache/huggingface/hub/models--Qwen--Qwen2.5-7B-Instruct/snapshots/a09a35458c702b33eeacc393d103063234e8bc28,2,reflection,763,30,793,0.751995301999159,0.3049632679994829,39.89386625188458,-1,True,1.0,-1,-1,-1
long-session,full_history,full_history,vllm,/home/vip/.cache/huggingface/hub/models--Qwen--Qwen2.5-7B-Instruct/snapshots/a09a35458c702b33eeacc393d103063234e8bc28,3,reflection,819,34,853,0.8073319429995536,0.29336280600000464,42.11402793462713,-1,True,1.0,-1,-1,-1
long-session,full_history,full_history,vllm,/home/vip/.cache/huggingface/hub/models--Qwen--Qwen2.5-7B-Instruct/snapshots/a09a35458c702b33eeacc393d103063234e8bc28,4,reflection,877,166,1043,2.879917939999359,0.32051775399941107,57.6405312437607,-1,True,1.0,-1,-1,-1
long-session,full_history,full_history,vllm,/home/vip/.cache/huggingface/hub/models--Qwen--Qwen2.5-7B-Instruct/snapshots/a09a35458c702b33eeacc393d103063234e8bc28,5,tool_calling,1100,19,1119,0.5939711309993072,0.3125171430001501,32.08248681582394,-1,True,1.0,-1,-1,-1
long-session,full_history,full_history,vllm,/home/vip/.cache/huggingface/hub/models--Qwen--Qwen2.5-7B-Instruct/snapshots/a09a35458c702b33eeacc393d103063234e8bc28,6,reflection,1144,31,1175,0.7646261740001137,0.2981008289998499,40.542687464940734,-1,True,1.0,-1,-1,-1
long-session,full_history,full_history,vllm,/home/vip/.cache/huggingface/hub/models--Qwen--Qwen2.5-7B-Instruct/snapshots/a09a35458c702b33eeacc393d103063234e8bc28,7,reflection,1202,19,1221,0.5801840399999492,0.30386246199941525,32.7482293377144,-1,True,1.0,-1,-1,-1
long-session,full_history,full_history,vllm,/home/vip/.cache/huggingface/hub/models--Qwen--Qwen2.5-7B-Instruct/snapshots/a09a35458c702b33eeacc393d103063234e8bc28,8,reflection,1240,34,1274,0.8140566429992759,0.3005698069991922,41.76613543098406,-1,True,1.0,-1,-1,-1
long-session,full_history,full_history,vllm,/home/vip/.cache/huggingface/hub/models--Qwen--Qwen2.5-7B-Instruct/snapshots/a09a35458c702b33eeacc393d103063234e8bc28,9,reflection,1298,33,1331,0.7975796190003166,0.2981831430006423,41.375179623273326,-1,True,1.0,-1,-1,-1
long-session,full_history,full_history,vllm,/home/vip/.cache/huggingface/hub/models--Qwen--Qwen2.5-7B-Instruct/snapshots/a09a35458c702b33eeacc393d103063234e8bc28,10,tool_calling,1392,20,1412,0.6108708459987611,0.3038052179999795,33.418434881624776,-1,True,1.0,-1,-1,-1
long-session,full_history,full_history,vllm,/home/vip/.cache/huggingface/hub/models--Qwen--Qwen2.5-7B-Instruct/snapshots/a09a35458c702b33eeacc393d103063234e8bc28,11,reflection,1439,35,1474,0.8317967889997817,0.2998692419996587,42.077584889557905,-1,True,1.0,-1,-1,-1
long-session,full_history,full_history,vllm,/home/vip/.cache/huggingface/hub/models--Qwen--Qwen2.5-7B-Instruct/snapshots/a09a35458c702b33eeacc393d103063234e8bc28,12,reflection,1500,35,1535,0.8302893680001944,0.30088360700028716,42.153978298312744,-1,True,1.0,-1,-1,-1
long-session,full_history,full_history,vllm,/home/vip/.cache/huggingface/hub/models--Qwen--Qwen2.5-7B-Instruct/snapshots/a09a35458c702b33eeacc393d103063234e8bc28,13,reflection,1557,31,1588,0.7667078230006155,0.2998955120001483,40.43261209814878,-1,True,1.0,-1,-1,-1
long-session,full_history,full_history,vllm,/home/vip/.cache/huggingface/hub/models--Qwen--Qwen2.5-7B-Instruct/snapshots/a09a35458c702b33eeacc393d103063234e8bc28,14,reflection,1612,33,1645,0.801865153000108,0.300960262999979,41.15405174614884,-1,True,1.0,-1,-1,-1
long-session,full_history,full_history,vllm,/home/vip/.cache/huggingface/hub/models--Qwen--Qwen2.5-7B-Instruct/snapshots/a09a35458c702b33eeacc393d103063234e8bc28,15,tool_calling,1706,20,1726,0.629722380000203,0.3309746750001068,31.93124054382734,-1,True,1.0,-1,-1,-1
long-session,full_history,full_history,vllm,/home/vip/.cache/huggingface/hub/models--Qwen--Qwen2.5-7B-Instruct/snapshots/a09a35458c702b33eeacc393d103063234e8bc28,16,reflection,1748,30,1778,0.7530991230005384,0.3026302710004529,39.83539362052684,-1,True,1.0,-1,-1,-1
long-session,full_history,full_history,vllm,/home/vip/.cache/huggingface/hub/models--Qwen--Qwen2.5-7B-Instruct/snapshots/a09a35458c702b33eeacc393d103063234e8bc28,17,reflection,1799,30,1829,0.7519407930003581,0.3008456670004307,39.89675820126135,-1,True,1.0,-1,-1,-1
long-session,full_history,full_history,vllm,/home/vip/.cache/huggingface/hub/models--Qwen--Qwen2.5-7B-Instruct/snapshots/a09a35458c702b33eeacc393d103063234e8bc28,18,reflection,1861,41,1902,0.9322349630001554,0.3062118850002662,43.980328594469555,-1,True,1.0,-1,-1,-1
long-session,full_history,full_history,vllm,/home/vip/.cache/huggingface/hub/models--Qwen--Qwen2.5-7B-Instruct/snapshots/a09a35458c702b33eeacc393d103063234e8bc28,19,reflection,1924,31,1955,0.7671215359996495,0.29947066899967467,40.41080656092304,-1,True,1.0,-1,-1,-1
long-session,full_history,full_history,vllm,/home/vip/.cache/huggingface/hub/models--Qwen--Qwen2.5-7B-Instruct/snapshots/a09a35458c702b33eeacc393d103063234e8bc28,20,tool_calling,2016,20,2036,0.6215006869988429,0.3089532789999794,32.88644372482438,-1,True,1.0,-1,-1,-1
long-session,full_history,full_history,vllm,/home/vip/.cache/huggingface/hub/models--Qwen--Qwen2.5-7B-Instruct/snapshots/a09a35458c702b33eeacc393d103063234e8bc28,21,reflection,2061,33,2094,0.8075487490004889,0.3088523830001577,40.86440606940996,-1,True,1.0,-1,-1,-1
long-session,full_history,full_history,vllm,/home/vip/.cache/huggingface/hub/models--Qwen--Qwen2.5-7B-Instruct/snapshots/a09a35458c702b33eeacc393d103063234e8bc28,22,reflection,2123,38,2161,0.8774008740001591,0.2985318660003031,43.30973575026677,-1,True,1.0,-1,-1,-1
long-session,full_history,full_history,vllm,/home/vip/.cache/huggingface/hub/models--Qwen--Qwen2.5-7B-Instruct/snapshots/a09a35458c702b33eeacc393d103063234e8bc28,23,reflection,2185,33,2218,0.7978475850004543,0.3011493170006361,41.3612833082414,-1,True,1.0,-1,-1,-1
long-session,full_history,full_history,vllm,/home/vip/.cache/huggingface/hub/models--Qwen--Qwen2.5-7B-Instruct/snapshots/a09a35458c702b33eeacc393d103063234e8bc28,24,reflection,2240,31,2271,0.778800813000089,0.3117055550001169,39.80478638765425,-1,True,1.0,-1,-1,-1
long-session,full_history,full_history,vllm,/home/vip/.cache/huggingface/hub/models--Qwen--Qwen2.5-7B-Instruct/snapshots/a09a35458c702b33eeacc393d103063234e8bc28,25,tool_calling,2332,20,2352,0.6179612109999653,0.30660397599967837,33.077754206367494,-1,True,1.0,-1,-1,-1
long-session,full_history,full_history,vllm,/home/vip/.cache/huggingface/hub/models--Qwen--Qwen2.5-7B-Instruct/snapshots/a09a35458c702b33eeacc393d103063234e8bc28,26,reflection,2376,32,2408,0.7836843940003746,0.299350479000168,40.832764113948535,-1,True,1.0,-1,-1,-1
long-session,full_history,full_history,vllm,/home/vip/.cache/huggingface/hub/models--Qwen--Qwen2.5-7B-Instruct/snapshots/a09a35458c702b33eeacc393d103063234e8bc28,27,reflection,2429,30,2459,0.7581021140003941,0.30785452899999655,39.57250539995778,-1,True,1.0,-1,-1,-1
long-session,full_history,full_history,vllm,/home/vip/.cache/huggingface/hub/models--Qwen--Qwen2.5-7B-Instruct/snapshots/a09a35458c702b33eeacc393d103063234e8bc28,28,reflection,2486,36,2522,0.8811372399995889,0.3355017449994193,40.85629158065864,-1,True,1.0,-1,-1,-1
long-session,full_history,full_history,vllm,/home/vip/.cache/huggingface/hub/models--Qwen--Qwen2.5-7B-Instruct/snapshots/a09a35458c702b33eeacc393d103063234e8bc28,29,reflection,2544,31,2575,0.7725563300000431,0.30490105300032155,40.12652384842704,-1,True,1.0,-1,-1,-1
long-session,full_history,full_history,vllm,/home/vip/.cache/huggingface/hub/models--Qwen--Qwen2.5-7B-Instruct/snapshots/a09a35458c702b33eeacc393d103063234e8bc28,30,tool_calling,2636,20,2656,0.6094059930001094,0.3005983800003378,33.51041139495614,-1,True,1.0,-1,-1,-1
long-session,full_history,full_history,vllm,/home/vip/.cache/huggingface/hub/models--Qwen--Qwen2.5-7B-Instruct/snapshots/a09a35458c702b33eeacc393d103063234e8bc28,31,reflection,2677,29,2706,0.7365934969993759,0.29985481799940317,39.37042631809248,-1,True,1.0,-1,-1,-1
long-session,full_history,full_history,vllm,/home/vip/.cache/huggingface/hub/models--Qwen--Qwen2.5-7B-Instruct/snapshots/a09a35458c702b33eeacc393d103063234e8bc28,32,reflection,2730,33,2763,0.8004032509998069,0.3020195560002321,41.229217845853,-1,True,1.0,-1,-1,-1
long-session,full_history,full_history,vllm,/home/vip/.cache/huggingface/hub/models--Qwen--Qwen2.5-7B-Instruct/snapshots/a09a35458c702b33eeacc393d103063234e8bc28,33,reflection,2788,34,2822,0.8115614159996767,0.2985713420002867,41.8945496048737,-1,True,1.0,-1,-1,-1
long-session,full_history,full_history,vllm,/home/vip/.cache/huggingface/hub/models--Qwen--Qwen2.5-7B-Instruct/snapshots/a09a35458c702b33eeacc393d103063234e8bc28,34,reflection,2843,30,2873,0.7602688289998696,0.30700129400065634,39.45972642264562,-1,True,1.0,-1,-1,-1
long-session,full_history,full_history,vllm,/home/vip/.cache/huggingface/hub/models--Qwen--Qwen2.5-7B-Instruct/snapshots/a09a35458c702b33eeacc393d103063234e8bc28,35,tool_calling,2934,20,2954,0.6053163209999184,0.30482631199993193,33.11704343886719,-1,True,1.0,-1,-1,-1
long-session,full_history,full_history,vllm,/home/vip/.cache/huggingface/hub/models--Qwen--Qwen2.5-7B-Instruct/snapshots/a09a35458c702b33eeacc393d103063234e8bc28,36,reflection,2978,32,3010,0.7863503259995923,0.30136330200002703,40.694330430043706,-1,True,1.0,-1,-1,-1
long-session,full_history,full_history,vllm,/home/vip/.cache/huggingface/hub/models--Qwen--Qwen2.5-7B-Instruct/snapshots/a09a35458c702b33eeacc393d103063234e8bc28,37,reflection,3036,35,3071,0.8350169780005672,0.30167912900014926,41.91531540329498,-1,True,1.0,-1,-1,-1
long-session,full_history,full_history,vllm,/home/vip/.cache/huggingface/hub/models--Qwen--Qwen2.5-7B-Instruct/snapshots/a09a35458c702b33eeacc393d103063234e8bc28,38,reflection,3094,32,3126,0.7914387740001985,0.3015083459995367,40.43269176497534,-1,True,1.0,-1,-1,-1
long-session,full_history,full_history,vllm,/home/vip/.cache/huggingface/hub/models--Qwen--Qwen2.5-7B-Instruct/snapshots/a09a35458c702b33eeacc393d103063234e8bc28,39,reflection,3147,30,3177,0.7593375269998432,0.3058912099995723,39.50812245317383,-1,True,1.0,-1,-1,-1
long-session,full_history,full_history,vllm,/home/vip/.cache/huggingface/hub/models--Qwen--Qwen2.5-7B-Instruct/snapshots/a09a35458c702b33eeacc393d103063234e8bc28,40,tool_calling,3238,20,3258,0.6037020540006779,0.30365157699998235,33.22868198080394,-1,True,1.0,-1,-1,-1
long-session,full_history,full_history,vllm,/home/vip/.cache/huggingface/hub/models--Qwen--Qwen2.5-7B-Instruct/snapshots/a09a35458c702b33eeacc393d103063234e8bc28,41,reflection,3282,32,3314,0.7851859909997074,0.3005806479995954,40.75467515570069,-1,True,1.0,-1,-1,-1
long-session,full_history,full_history,vllm,/home/vip/.cache/huggingface/hub/models--Qwen--Qwen2.5-7B-Instruct/snapshots/a09a35458c702b33eeacc393d103063234e8bc28,42,reflection,3339,34,3373,0.8200380730004326,0.3051368780006669,41.46148955693922,-1,True,1.0,-1,-1,-1
long-session,full_history,full_history,vllm,/home/vip/.cache/huggingface/hub/models--Qwen--Qwen2.5-7B-Instruct/snapshots/a09a35458c702b33eeacc393d103063234e8bc28,43,reflection,3395,31,3426,0.7834547970005588,0.31048387800001365,39.56833261942219,-1,True,1.0,-1,-1,-1
long-session,full_history,full_history,vllm,/home/vip/.cache/huggingface/hub/models--Qwen--Qwen2.5-7B-Instruct/snapshots/a09a35458c702b33eeacc393d103063234e8bc28,44,reflection,3451,34,3485,0.8219737749996057,0.3048289759999534,41.3638500814899,-1,True,1.0,-1,-1,-1
long-session,full_history,full_history,vllm,/home/vip/.cache/huggingface/hub/models--Qwen--Qwen2.5-7B-Instruct/snapshots/a09a35458c702b33eeacc393d103063234e8bc28,45,tool_calling,3546,20,3566,0.6049949429998378,0.32052611999915825,33.1151763467246,-1,True,1.0,-1,-1,-1
long-session,full_history,full_history,vllm,/home/vip/.cache/huggingface/hub/models--Qwen--Qwen2.5-7B-Instruct/snapshots/a09a35458c702b33eeacc393d103063234e8bc28,46,reflection,3590,32,3622,0.8181667279995963,0.33289732499997626,39.111832472385494,-1,True,1.0,-1,-1,-1
long-session,full_history,full_history,vllm,/home/vip/.cache/huggingface/hub/models--Qwen--Qwen2.5-7B-Instruct/snapshots/a09a35458c702b33eeacc393d103063234e8bc28,47,reflection,3645,32,3677,0.7990151790008895,0.31304091900074127,40.04930174169367,-1,True,1.0,-1,-1,-1
long-session,full_history,full_history,vllm,/home/vip/.cache/huggingface/hub/models--Qwen--Qwen2.5-7B-Instruct/snapshots/a09a35458c702b33eeacc393d103063234e8bc28,48,reflection,3703,35,3738,0.8404882549993999,0.30737859700002446,41.64246173793944,-1,True,1.0,-1,-1,-1
long-session,full_history,full_history,vllm,/home/vip/.cache/huggingface/hub/models--Qwen--Qwen2.5-7B-Instruct/snapshots/a09a35458c702b33eeacc393d103063234e8bc28,49,reflection,3760,31,3791,0.7801263040000777,0.3090380240000741,39.737155177371015,-1,True,1.0,-1,-1,-1
long-session,full_history,full_history,vllm,/home/vip/.cache/huggingface/hub/models--Qwen--Qwen2.5-7B-Instruct/snapshots/a09a35458c702b33eeacc393d103063234e8bc28,50,final_answer,3824,60,3884,1.2324000420003358,0.3070148770002561,48.68549006425923,-1,False,0.75,-1,-1,-1
long-session,event_sourced_memory,event_sourced_memory,vllm,/home/vip/.cache/huggingface/hub/models--Qwen--Qwen2.5-7B-Instruct/snapshots/a09a35458c702b33eeacc393d103063234e8bc28,1,planning,499,79,578,3.9302857120001136,0.41603819000010844,20.10031987211359,-1,True,1.0,-1,-1,-1
long-session,event_sourced_memory,event_sourced_memory,vllm,/home/vip/.cache/huggingface/hub/models--Qwen--Qwen2.5-7B-Instruct/snapshots/a09a35458c702b33eeacc393d103063234e8bc28,2,reflection,552,97,649,1.7978964449994237,0.3034107829998902,53.95193937325522,-1,True,1.0,-1,-1,-1
long-session,event_sourced_memory,event_sourced_memory,vllm,/home/vip/.cache/huggingface/hub/models--Qwen--Qwen2.5-7B-Instruct/snapshots/a09a35458c702b33eeacc393d103063234e8bc28,3,reflection,618,124,742,2.2225842010002452,0.3144418800002313,55.79091219320078,-1,True,1.0,-1,-1,-1
long-session,event_sourced_memory,event_sourced_memory,vllm,/home/vip/.cache/huggingface/hub/models--Qwen--Qwen2.5-7B-Instruct/snapshots/a09a35458c702b33eeacc393d103063234e8bc28,4,reflection,1011,106,1117,1.9870196330002727,0.3496580190003442,53.3462268009636,-1,True,1.0,-1,-1,-1
long-session,event_sourced_memory,event_sourced_memory,vllm,/home/vip/.cache/huggingface/hub/models--Qwen--Qwen2.5-7B-Instruct/snapshots/a09a35458c702b33eeacc393d103063234e8bc28,5,tool_calling,2643,293,2936,5.515033265000056,0.3460604609999791,53.535376324233894,-1,True,1.0,-1,-1,-1
long-session,event_sourced_memory,event_sourced_memory,vllm,/home/vip/.cache/huggingface/hub/models--Qwen--Qwen2.5-7B-Instruct/snapshots/a09a35458c702b33eeacc393d103063234e8bc28,6,reflection,1351,90,1441,1.7604197579994434,0.37557074399956036,51.12417057979217,-1,True,1.0,-1,-1,-1
long-session,event_sourced_memory,event_sourced_memory,vllm,/home/vip/.cache/huggingface/hub/models--Qwen--Qwen2.5-7B-Instruct/snapshots/a09a35458c702b33eeacc393d103063234e8bc28,7,reflection,1507,166,1673,2.9852370079997854,0.42170017899934464,55.60697510956622,-1,True,1.0,-1,-1,-1
long-session,event_sourced_memory,event_sourced_memory,vllm,/home/vip/.cache/huggingface/hub/models--Qwen--Qwen2.5-7B-Instruct/snapshots/a09a35458c702b33eeacc393d103063234e8bc28,8,reflection,1523,202,1725,3.5319647570004236,0.40169440699992265,57.19196365128843,-1,True,1.0,-1,-1,-1
long-session,event_sourced_memory,event_sourced_memory,vllm,/home/vip/.cache/huggingface/hub/models--Qwen--Qwen2.5-7B-Instruct/snapshots/a09a35458c702b33eeacc393d103063234e8bc28,9,reflection,1542,94,1636,1.8375284849998934,0.38830301400048484,51.155669567759354,-1,True,1.0,-1,-1,-1
long-session,event_sourced_memory,event_sourced_memory,vllm,/home/vip/.cache/huggingface/hub/models--Qwen--Qwen2.5-7B-Instruct/snapshots/a09a35458c702b33eeacc393d103063234e8bc28,10,tool_calling,3469,251,3720,4.780618668999523,0.41816565499993885,50.23028780061193,-1,True,1.0,-1,-1,-1
long-session,event_sourced_memory,event_sourced_memory,vllm,/home/vip/.cache/huggingface/hub/models--Qwen--Qwen2.5-7B-Instruct/snapshots/a09a35458c702b33eeacc393d103063234e8bc28,11,reflection,1803,81,1884,1.6691710729992337,0.4246305709993976,48.527081082501596,-1,True,1.0,-1,-1,-1
long-session,event_sourced_memory,event_sourced_memory,vllm,/home/vip/.cache/huggingface/hub/models--Qwen--Qwen2.5-7B-Instruct/snapshots/a09a35458c702b33eeacc393d103063234e8bc28,12,reflection,1872,120,1992,3.1900149899993266,1.3365892940000776,37.61737809264192,-1,True,1.0,-1,-1,-1
long-session,event_sourced_memory,event_sourced_memory,vllm,/home/vip/.cache/huggingface/hub/models--Qwen--Qwen2.5-7B-Instruct/snapshots/a09a35458c702b33eeacc393d103063234e8bc28,13,reflection,1873,102,1975,2.0159554100000605,0.44340739000017493,50.596357188275775,-1,True,1.0,-1,-1,-1
long-session,event_sourced_memory,event_sourced_memory,vllm,/home/vip/.cache/huggingface/hub/models--Qwen--Qwen2.5-7B-Instruct/snapshots/a09a35458c702b33eeacc393d103063234e8bc28,14,reflection,1869,98,1967,1.939185560999249,0.4278453749993787,50.53667991912093,-1,True,1.0,-1,-1,-1
long-session,event_sourced_memory,event_sourced_memory,vllm,/home/vip/.cache/huggingface/hub/models--Qwen--Qwen2.5-7B-Instruct/snapshots/a09a35458c702b33eeacc393d103063234e8bc28,15,tool_calling,4170,308,4478,5.672139092999714,0.4386223909996261,54.434072751994925,-1,True,1.0,-1,-1,-1
long-session,event_sourced_memory,event_sourced_memory,vllm,/home/vip/.cache/huggingface/hub/models--Qwen--Qwen2.5-7B-Instruct/snapshots/a09a35458c702b33eeacc393d103063234e8bc28,16,reflection,2077,72,2149,1.5591663770001105,0.45326632900014374,46.178522742730294,-1,True,1.0,-1,-1,-1
long-session,event_sourced_memory,event_sourced_memory,vllm,/home/vip/.cache/huggingface/hub/models--Qwen--Qwen2.5-7B-Instruct/snapshots/a09a35458c702b33eeacc393d103063234e8bc28,17,reflection,1999,112,2111,2.1706740039999204,0.44153166499927465,51.59687718819897,-1,True,1.0,-1,-1,-1
long-session,event_sourced_memory,event_sourced_memory,vllm,/home/vip/.cache/huggingface/hub/models--Qwen--Qwen2.5-7B-Instruct/snapshots/a09a35458c702b33eeacc393d103063234e8bc28,18,reflection,2056,128,2184,2.4273627249995116,0.45240038900010404,52.73212721021155,-1,True,1.0,-1,-1,-1
long-session,event_sourced_memory,event_sourced_memory,vllm,/home/vip/.cache/huggingface/hub/models--Qwen--Qwen2.5-7B-Instruct/snapshots/a09a35458c702b33eeacc393d103063234e8bc28,19,reflection,2166,115,2281,2.236914985000112,0.46103920199948334,51.41008968653059,-1,True,1.0,-1,-1,-1
long-session,event_sourced_memory,event_sourced_memory,vllm,/home/vip/.cache/huggingface/hub/models--Qwen--Qwen2.5-7B-Instruct/snapshots/a09a35458c702b33eeacc393d103063234e8bc28,20,tool_calling,4631,341,4972,6.266017443000237,0.49711411600037536,51.58268565012453,-1,True,1.0,-1,-1,-1
long-session,event_sourced_memory,event_sourced_memory,vllm,/home/vip/.cache/huggingface/hub/models--Qwen--Qwen2.5-7B-Instruct/snapshots/a09a35458c702b33eeacc393d103063234e8bc28,21,reflection,2289,118,2407,2.291262031999395,0.46719675899930735,51.500002335844215,-1,True,1.0,-1,-1,-1
long-session,event_sourced_memory,event_sourced_memory,vllm,/home/vip/.cache/huggingface/hub/models--Qwen--Qwen2.5-7B-Instruct/snapshots/a09a35458c702b33eeacc393d103063234e8bc28,22,reflection,2251,135,2386,2.772372243999598,0.7495905739997397,48.69475962046155,-1,True,1.0,-1,-1,-1
long-session,event_sourced_memory,event_sourced_memory,vllm,/home/vip/.cache/huggingface/hub/models--Qwen--Qwen2.5-7B-Instruct/snapshots/a09a35458c702b33eeacc393d103063234e8bc28,23,reflection,2282,254,2536,4.4191578050003955,0.4730249720005304,57.47701512550473,-1,True,1.0,-1,-1,-1
long-session,event_sourced_memory,event_sourced_memory,vllm,/home/vip/.cache/huggingface/hub/models--Qwen--Qwen2.5-7B-Instruct/snapshots/a09a35458c702b33eeacc393d103063234e8bc28,24,reflection,2244,191,2435,3.42885035099971,0.4638065519993688,55.70380169677348,-1,True,1.0,-1,-1,-1
long-session,event_sourced_memory,event_sourced_memory,vllm,/home/vip/.cache/huggingface/hub/models--Qwen--Qwen2.5-7B-Instruct/snapshots/a09a35458c702b33eeacc393d103063234e8bc28,25,tool_calling,4858,284,5142,5.362619139999879,0.4713010260002193,53.58745404687,-1,True,1.0,-1,-1,-1
long-session,event_sourced_memory,event_sourced_memory,vllm,/home/vip/.cache/huggingface/hub/models--Qwen--Qwen2.5-7B-Instruct/snapshots/a09a35458c702b33eeacc393d103063234e8bc28,26,reflection,2344,153,2497,2.8413364389998605,0.47118502400007856,53.84789984738851,-1,True,1.0,-1,-1,-1
long-session,event_sourced_memory,event_sourced_memory,vllm,/home/vip/.cache/huggingface/hub/models--Qwen--Qwen2.5-7B-Instruct/snapshots/a09a35458c702b33eeacc393d103063234e8bc28,27,reflection,2310,124,2434,2.392392808000295,0.47493965700050467,51.830953338990604,-1,True,1.0,-1,-1,-1
long-session,event_sourced_memory,event_sourced_memory,vllm,/home/vip/.cache/huggingface/hub/models--Qwen--Qwen2.5-7B-Instruct/snapshots/a09a35458c702b33eeacc393d103063234e8bc28,28,reflection,2342,213,2555,3.7880021850005505,0.4800247080002009,56.23016819879924,-1,True,1.0,-1,-1,-1
long-session,event_sourced_memory,event_sourced_memory,vllm,/home/vip/.cache/huggingface/hub/models--Qwen--Qwen2.5-7B-Instruct/snapshots/a09a35458c702b33eeacc393d103063234e8bc28,29,reflection,2328,157,2485,2.9081278690000545,0.47169615699931455,53.986622002967046,-1,True,1.0,-1,-1,-1
long-session,event_sourced_memory,event_sourced_memory,vllm,/home/vip/.cache/huggingface/hub/models--Qwen--Qwen2.5-7B-Instruct/snapshots/a09a35458c702b33eeacc393d103063234e8bc28,30,tool_calling,4935,263,5198,5.04744607900011,0.4745464619991253,51.073866608363666,-1,True,1.0,-1,-1,-1
long-session,event_sourced_memory,event_sourced_memory,vllm,/home/vip/.cache/huggingface/hub/models--Qwen--Qwen2.5-7B-Instruct/snapshots/a09a35458c702b33eeacc393d103063234e8bc28,31,reflection,2453,153,2606,2.873360497000249,0.5037382700002127,53.24775647181411,-1,True,1.0,-1,-1,-1
long-session,event_sourced_memory,event_sourced_memory,vllm,/home/vip/.cache/huggingface/hub/models--Qwen--Qwen2.5-7B-Instruct/snapshots/a09a35458c702b33eeacc393d103063234e8bc28,32,reflection,2394,445,2839,7.426267405000544,0.4934238460000415,59.92243151658601,-1,True,1.0,-1,-1,-1
long-session,event_sourced_memory,event_sourced_memory,vllm,/home/vip/.cache/huggingface/hub/models--Qwen--Qwen2.5-7B-Instruct/snapshots/a09a35458c702b33eeacc393d103063234e8bc28,33,reflection,2508,56,2564,1.3524362070002098,0.49626687099953415,41.406758936313594,-1,True,1.0,-1,-1,-1
long-session,event_sourced_memory,event_sourced_memory,vllm,/home/vip/.cache/huggingface/hub/models--Qwen--Qwen2.5-7B-Instruct/snapshots/a09a35458c702b33eeacc393d103063234e8bc28,34,reflection,2468,266,2734,4.628075055999943,0.4929249639999398,57.47529951035506,-1,True,1.0,-1,-1,-1
long-session,event_sourced_memory,event_sourced_memory,vllm,/home/vip/.cache/huggingface/hub/models--Qwen--Qwen2.5-7B-Instruct/snapshots/a09a35458c702b33eeacc393d103063234e8bc28,35,tool_calling,5125,315,5440,5.747097647000373,0.492763893999836,50.60765996986053,-1,True,1.0,-1,-1,-1
long-session,event_sourced_memory,event_sourced_memory,vllm,/home/vip/.cache/huggingface/hub/models--Qwen--Qwen2.5-7B-Instruct/snapshots/a09a35458c702b33eeacc393d103063234e8bc28,36,reflection,2480,119,2599,2.3511786749995736,0.5211621290000039,50.61291226623667,-1,True,1.0,-1,-1,-1
long-session,event_sourced_memory,event_sourced_memory,vllm,/home/vip/.cache/huggingface/hub/models--Qwen--Qwen2.5-7B-Instruct/snapshots/a09a35458c702b33eeacc393d103063234e8bc28,37,reflection,2418,512,2930,8.472633236000547,0.4916116049998891,60.42985524553242,-1,True,1.0,-1,-1,-1
long-session,event_sourced_memory,event_sourced_memory,vllm,/home/vip/.cache/huggingface/hub/models--Qwen--Qwen2.5-7B-Instruct/snapshots/a09a35458c702b33eeacc393d103063234e8bc28,38,reflection,2485,204,2689,3.7064600160001646,0.5234838300002593,55.03903970887755,-1,True,1.0,-1,-1,-1
long-session,event_sourced_memory,event_sourced_memory,vllm,/home/vip/.cache/huggingface/hub/models--Qwen--Qwen2.5-7B-Instruct/snapshots/a09a35458c702b33eeacc393d103063234e8bc28,39,reflection,2465,299,2764,5.171161670999936,0.5197653169998375,57.82066371600852,-1,True,1.0,-1,-1,-1
long-session,event_sourced_memory,event_sourced_memory,vllm,/home/vip/.cache/huggingface/hub/models--Qwen--Qwen2.5-7B-Instruct/snapshots/a09a35458c702b33eeacc393d103063234e8bc28,40,tool_calling,5245,353,5598,6.552789118000874,0.5340275950002251,53.86996115866237,-1,True,1.0,-1,-1,-1
long-session,event_sourced_memory,event_sourced_memory,vllm,/home/vip/.cache/huggingface/hub/models--Qwen--Qwen2.5-7B-Instruct/snapshots/a09a35458c702b33eeacc393d103063234e8bc28,41,reflection,2551,130,2681,2.5213094299997465,0.5129423629996381,51.56050996882722,-1,True,1.0,-1,-1,-1
long-session,event_sourced_memory,event_sourced_memory,vllm,/home/vip/.cache/huggingface/hub/models--Qwen--Qwen2.5-7B-Instruct/snapshots/a09a35458c702b33eeacc393d103063234e8bc28,42,reflection,2410,156,2566,2.929899406000004,0.5134092970001802,53.2441488197632,-1,True,1.0,-1,-1,-1
long-session,event_sourced_memory,event_sourced_memory,vllm,/home/vip/.cache/huggingface/hub/models--Qwen--Qwen2.5-7B-Instruct/snapshots/a09a35458c702b33eeacc393d103063234e8bc28,43,reflection,2545,98,2643,2.0194956229997842,0.5066520029995445,48.52696826073313,-1,True,1.0,-1,-1,-1
long-session,event_sourced_memory,event_sourced_memory,vllm,/home/vip/.cache/huggingface/hub/models--Qwen--Qwen2.5-7B-Instruct/snapshots/a09a35458c702b33eeacc393d103063234e8bc28,44,reflection,2478,122,2600,2.385689259999708,0.5007571570004075,51.13826098207565,-1,True,1.0,-1,-1,-1
long-session,event_sourced_memory,event_sourced_memory,vllm,/home/vip/.cache/huggingface/hub/models--Qwen--Qwen2.5-7B-Instruct/snapshots/a09a35458c702b33eeacc393d103063234e8bc28,45,tool_calling,5324,333,5657,6.175994644001548,0.5048103489998539,53.63386200827946,-1,True,1.0,-1,-1,-1
long-session,event_sourced_memory,event_sourced_memory,vllm,/home/vip/.cache/huggingface/hub/models--Qwen--Qwen2.5-7B-Instruct/snapshots/a09a35458c702b33eeacc393d103063234e8bc28,46,reflection,2490,98,2588,2.0719938929996715,0.5636697769996317,47.297436701477544,-1,True,1.0,-1,-1,-1
long-session,event_sourced_memory,event_sourced_memory,vllm,/home/vip/.cache/huggingface/hub/models--Qwen--Qwen2.5-7B-Instruct/snapshots/a09a35458c702b33eeacc393d103063234e8bc28,47,reflection,2509,108,2617,2.180414036000002,0.5112892949991874,49.53187707327706,-1,True,1.0,-1,-1,-1
long-session,event_sourced_memory,event_sourced_memory,vllm,/home/vip/.cache/huggingface/hub/models--Qwen--Qwen2.5-7B-Instruct/snapshots/a09a35458c702b33eeacc393d103063234e8bc28,48,reflection,2450,118,2568,2.1347555379998084,0.3109971690000748,55.27565002152981,-1,True,1.0,-1,-1,-1
long-session,event_sourced_memory,event_sourced_memory,vllm,/home/vip/.cache/huggingface/hub/models--Qwen--Qwen2.5-7B-Instruct/snapshots/a09a35458c702b33eeacc393d103063234e8bc28,49,reflection,2507,112,2619,2.2328092429997923,0.5095837310000206,50.16102488429658,-1,True,1.0,-1,-1,-1
long-session,event_sourced_memory,event_sourced_memory,vllm,/home/vip/.cache/huggingface/hub/models--Qwen--Qwen2.5-7B-Instruct/snapshots/a09a35458c702b33eeacc393d103063234e8bc28,50,final_answer,2461,131,2592,2.52719617799994,0.49991567699998996,51.83610245235307,-1,False,0.666667,-1,-1,-1
long-session,summary_memory,summary_memory,vllm,/home/vip/.cache/huggingface/hub/models--Qwen--Qwen2.5-7B-Instruct/snapshots/a09a35458c702b33eeacc393d103063234e8bc28,1,planning,359,39,398,0.9175452740000765,0.32693793900034507,42.5047145956928,-1,True,1.0,-1,-1,-1
long-session,summary_memory,summary_memory,vllm,/home/vip/.cache/huggingface/hub/models--Qwen--Qwen2.5-7B-Instruct/snapshots/a09a35458c702b33eeacc393d103063234e8bc28,2,reflection,422,52,474,1.0853439170005004,0.295153587000641,47.91108070491542,-1,True,1.0,-1,-1,-1
long-session,summary_memory,summary_memory,vllm,/home/vip/.cache/huggingface/hub/models--Qwen--Qwen2.5-7B-Instruct/snapshots/a09a35458c702b33eeacc393d103063234e8bc28,3,reflection,500,39,539,0.8908140210005513,0.30310957900019275,43.78018203642067,-1,True,1.0,-1,-1,-1
long-session,summary_memory,summary_memory,vllm,/home/vip/.cache/huggingface/hub/models--Qwen--Qwen2.5-7B-Instruct/snapshots/a09a35458c702b33eeacc393d103063234e8bc28,4,reflection,563,27,590,0.697823323999728,0.29562162299953343,38.69174198025305,-1,True,1.0,-1,-1,-1
long-session,summary_memory,summary_memory,vllm,/home/vip/.cache/huggingface/hub/models--Qwen--Qwen2.5-7B-Instruct/snapshots/a09a35458c702b33eeacc393d103063234e8bc28,5,tool_calling,850,41,891,0.9665661039998668,0.3416978690001997,42.466880760705024,-1,True,1.0,-1,-1,-1
long-session,summary_memory,summary_memory,vllm,/home/vip/.cache/huggingface/hub/models--Qwen--Qwen2.5-7B-Instruct/snapshots/a09a35458c702b33eeacc393d103063234e8bc28,6,reflection,820,60,880,1.233329810000214,0.318915036999897,48.64878762639297,-1,True,1.0,-1,-1,-1
long-session,summary_memory,summary_memory,vllm,/home/vip/.cache/huggingface/hub/models--Qwen--Qwen2.5-7B-Instruct/snapshots/a09a35458c702b33eeacc393d103063234e8bc28,7,reflection,907,66,973,1.3568584479999117,0.3526924110001346,48.641772542513806,-1,True,1.0,-1,-1,-1
long-session,summary_memory,summary_memory,vllm,/home/vip/.cache/huggingface/hub/models--Qwen--Qwen2.5-7B-Instruct/snapshots/a09a35458c702b33eeacc393d103063234e8bc28,8,reflection,994,66,1060,1.3513507130001017,0.34206546699988394,48.840023071046424,-1,True,1.0,-1,-1,-1
long-session,summary_memory,summary_memory,vllm,/home/vip/.cache/huggingface/hub/models--Qwen--Qwen2.5-7B-Instruct/snapshots/a09a35458c702b33eeacc393d103063234e8bc28,9,reflection,1085,66,1151,1.3547746039994308,0.3433260980000341,48.716590793155824,-1,True,1.0,-1,-1,-1
long-session,summary_memory,summary_memory,vllm,/home/vip/.cache/huggingface/hub/models--Qwen--Qwen2.5-7B-Instruct/snapshots/a09a35458c702b33eeacc393d103063234e8bc28,10,tool_calling,1424,58,1482,1.274002492999898,0.37515630699999747,45.95391727388186,-1,True,1.0,-1,-1,-1
long-session,summary_memory,summary_memory,vllm,/home/vip/.cache/huggingface/hub/models--Qwen--Qwen2.5-7B-Instruct/snapshots/a09a35458c702b33eeacc393d103063234e8bc28,11,reflection,1365,70,1435,1.4321979960004683,0.3568360520002898,48.87592371688887,-1,True,1.0,-1,-1,-1
long-session,summary_memory,summary_memory,vllm,/home/vip/.cache/huggingface/hub/models--Qwen--Qwen2.5-7B-Instruct/snapshots/a09a35458c702b33eeacc393d103063234e8bc28,12,reflection,1463,70,1533,1.4407538039995416,0.3679632079993098,48.58567772348028,-1,True,1.0,-1,-1,-1
long-session,summary_memory,summary_memory,vllm,/home/vip/.cache/huggingface/hub/models--Qwen--Qwen2.5-7B-Instruct/snapshots/a09a35458c702b33eeacc393d103063234e8bc28,13,reflection,1557,70,1627,1.4348938579996684,0.36024696999993466,48.78409619620532,-1,True,1.0,-1,-1,-1
long-session,summary_memory,summary_memory,vllm,/home/vip/.cache/huggingface/hub/models--Qwen--Qwen2.5-7B-Instruct/snapshots/a09a35458c702b33eeacc393d103063234e8bc28,14,reflection,1584,70,1654,1.6271592339999188,0.5513106909993439,43.019760166879585,-1,True,1.0,-1,-1,-1
long-session,summary_memory,summary_memory,vllm,/home/vip/.cache/huggingface/hub/models--Qwen--Qwen2.5-7B-Instruct/snapshots/a09a35458c702b33eeacc393d103063234e8bc28,15,tool_calling,1860,59,1919,1.4498707310003738,0.5419811700003265,40.74249506959072,-1,True,1.0,-1,-1,-1
long-session,summary_memory,summary_memory,vllm,/home/vip/.cache/huggingface/hub/models--Qwen--Qwen2.5-7B-Instruct/snapshots/a09a35458c702b33eeacc393d103063234e8bc28,16,reflection,1796,59,1855,1.2729022359999362,0.3663528800007043,46.35077096368849,-1,True,1.0,-1,-1,-1
long-session,summary_memory,summary_memory,vllm,/home/vip/.cache/huggingface/hub/models--Qwen--Qwen2.5-7B-Instruct/snapshots/a09a35458c702b33eeacc393d103063234e8bc28,17,reflection,1856,71,1927,1.5300196839998534,0.4390371680001408,46.40463174590557,-1,True,1.0,-1,-1,-1
long-session,summary_memory,summary_memory,vllm,/home/vip/.cache/huggingface/hub/models--Qwen--Qwen2.5-7B-Instruct/snapshots/a09a35458c702b33eeacc393d103063234e8bc28,18,reflection,1823,71,1894,1.7180671409996648,0.6260962839996864,41.325509525016784,-1,True,1.0,-1,-1,-1
long-session,summary_memory,summary_memory,vllm,/home/vip/.cache/huggingface/hub/models--Qwen--Qwen2.5-7B-Instruct/snapshots/a09a35458c702b33eeacc393d103063234e8bc28,19,reflection,1793,71,1864,1.5963912730003358,0.5052136860003884,44.475312037104246,-1,True,1.0,-1,-1,-1
long-session,summary_memory,summary_memory,vllm,/home/vip/.cache/huggingface/hub/models--Qwen--Qwen2.5-7B-Instruct/snapshots/a09a35458c702b33eeacc393d103063234e8bc28,20,tool_calling,1972,58,2030,1.4859105229988927,0.6015569009996398,39.07203686108323,-1,True,1.0,-1,-1,-1
long-session,summary_memory,summary_memory,vllm,/home/vip/.cache/huggingface/hub/models--Qwen--Qwen2.5-7B-Instruct/snapshots/a09a35458c702b33eeacc393d103063234e8bc28,21,reflection,1825,58,1883,1.3487343509996208,0.4600459490002322,43.00327930182324,-1,True,1.0,-1,-1,-1
long-session,summary_memory,summary_memory,vllm,/home/vip/.cache/huggingface/hub/models--Qwen--Qwen2.5-7B-Instruct/snapshots/a09a35458c702b33eeacc393d103063234e8bc28,22,reflection,1827,58,1885,1.517937331000212,0.6334375930000533,38.20974609128439,-1,True,1.0,-1,-1,-1
long-session,summary_memory,summary_memory,vllm,/home/vip/.cache/huggingface/hub/models--Qwen--Qwen2.5-7B-Instruct/snapshots/a09a35458c702b33eeacc393d103063234e8bc28,23,reflection,1911,58,1969,1.3458566190001875,0.45761180099998455,43.09522959666175,-1,True,1.0,-1,-1,-1
long-session,summary_memory,summary_memory,vllm,/home/vip/.cache/huggingface/hub/models--Qwen--Qwen2.5-7B-Instruct/snapshots/a09a35458c702b33eeacc393d103063234e8bc28,24,reflection,1828,58,1886,1.5154985219996888,0.6259204500001943,38.271234948793904,-1,True,1.0,-1,-1,-1
long-session,summary_memory,summary_memory,vllm,/home/vip/.cache/huggingface/hub/models--Qwen--Qwen2.5-7B-Instruct/snapshots/a09a35458c702b33eeacc393d103063234e8bc28,25,tool_calling,1970,58,2028,1.3540582110008472,0.46127068599980703,42.87376558629414,-1,True,1.0,-1,-1,-1
long-session,summary_memory,summary_memory,vllm,/home/vip/.cache/huggingface/hub/models--Qwen--Qwen2.5-7B-Instruct/snapshots/a09a35458c702b33eeacc393d103063234e8bc28,26,reflection,1882,58,1940,1.504355884000688,0.628351579000082,38.554706779724654,-1,True,1.0,-1,-1,-1
long-session,summary_memory,summary_memory,vllm,/home/vip/.cache/huggingface/hub/models--Qwen--Qwen2.5-7B-Instruct/snapshots/a09a35458c702b33eeacc393d103063234e8bc28,27,reflection,1877,58,1935,1.3977228579997245,0.5089327139994566,41.496066024851,-1,True,1.0,-1,-1,-1
long-session,summary_memory,summary_memory,vllm,/home/vip/.cache/huggingface/hub/models--Qwen--Qwen2.5-7B-Instruct/snapshots/a09a35458c702b33eeacc393d103063234e8bc28,28,reflection,1882,58,1940,1.4932283039997856,0.6051304959992194,38.84201755661894,-1,True,1.0,-1,-1,-1
long-session,summary_memory,summary_memory,vllm,/home/vip/.cache/huggingface/hub/models--Qwen--Qwen2.5-7B-Instruct/snapshots/a09a35458c702b33eeacc393d103063234e8bc28,29,reflection,1807,58,1865,1.4365175349994388,0.5469533049999882,40.37542082632682,-1,True,1.0,-1,-1,-1
long-session,summary_memory,summary_memory,vllm,/home/vip/.cache/huggingface/hub/models--Qwen--Qwen2.5-7B-Instruct/snapshots/a09a35458c702b33eeacc393d103063234e8bc28,30,tool_calling,2025,59,2084,1.3841426950002642,0.4755580850005572,42.666083114194734,-1,True,1.0,-1,-1,-1
long-session,summary_memory,summary_memory,vllm,/home/vip/.cache/huggingface/hub/models--Qwen--Qwen2.5-7B-Instruct/snapshots/a09a35458c702b33eeacc393d103063234e8bc28,31,reflection,1877,59,1936,1.6286361960001159,0.7234008550003637,36.22662946144899,-1,True,1.0,-1,-1,-1
long-session,summary_memory,summary_memory,vllm,/home/vip/.cache/huggingface/hub/models--Qwen--Qwen2.5-7B-Instruct/snapshots/a09a35458c702b33eeacc393d103063234e8bc28,32,reflection,1881,45,1926,1.4687824359998558,0.7840140119997159,30.637621268507882,-1,True,1.0,-1,-1,-1
long-session,summary_memory,summary_memory,vllm,/home/vip/.cache/huggingface/hub/models--Qwen--Qwen2.5-7B-Instruct/snapshots/a09a35458c702b33eeacc393d103063234e8bc28,33,reflection,1860,45,1905,1.1381737439996868,0.45013552099953813,39.53702168692127,-1,True,1.0,-1,-1,-1
long-session,summary_memory,summary_memory,vllm,/home/vip/.cache/huggingface/hub/models--Qwen--Qwen2.5-7B-Instruct/snapshots/a09a35458c702b33eeacc393d103063234e8bc28,34,reflection,1771,45,1816,1.3215266339993832,0.6406827999999223,34.05152710680896,-1,True,1.0,-1,-1,-1
long-session,summary_memory,summary_memory,vllm,/home/vip/.cache/huggingface/hub/models--Qwen--Qwen2.5-7B-Instruct/snapshots/a09a35458c702b33eeacc393d103063234e8bc28,35,tool_calling,1974,58,2032,1.3594394389992885,0.4694150779996562,42.70632465119227,-1,True,1.0,-1,-1,-1
long-session,summary_memory,summary_memory,vllm,/home/vip/.cache/huggingface/hub/models--Qwen--Qwen2.5-7B-Instruct/snapshots/a09a35458c702b33eeacc393d103063234e8bc28,36,reflection,1888,58,1946,1.5037366410006143,0.617079377000664,38.57058371697701,-1,True,1.0,-1,-1,-1
long-session,summary_memory,summary_memory,vllm,/home/vip/.cache/huggingface/hub/models--Qwen--Qwen2.5-7B-Instruct/snapshots/a09a35458c702b33eeacc393d103063234e8bc28,37,reflection,1884,58,1942,1.3736573229998612,0.4810639830002401,42.22304866641464,-1,True,1.0,-1,-1,-1
long-session,summary_memory,summary_memory,vllm,/home/vip/.cache/huggingface/hub/models--Qwen--Qwen2.5-7B-Instruct/snapshots/a09a35458c702b33eeacc393d103063234e8bc28,38,reflection,1944,44,1988,1.4240019249991747,0.7537772859996039,30.89883463466912,-1,True,1.0,-1,-1,-1
long-session,summary_memory,summary_memory,vllm,/home/vip/.cache/huggingface/hub/models--Qwen--Qwen2.5-7B-Instruct/snapshots/a09a35458c702b33eeacc393d103063234e8bc28,39,reflection,1880,44,1924,1.2782458279998536,0.6049173569999766,34.42217376046467,-1,True,1.0,-1,-1,-1
long-session,summary_memory,summary_memory,vllm,/home/vip/.cache/huggingface/hub/models--Qwen--Qwen2.5-7B-Instruct/snapshots/a09a35458c702b33eeacc393d103063234e8bc28,40,tool_calling,2139,56,2195,1.3770476110003074,0.5176540070006013,40.70950147550125,-1,True,1.0,-1,-1,-1
long-session,summary_memory,summary_memory,vllm,/home/vip/.cache/huggingface/hub/models--Qwen--Qwen2.5-7B-Instruct/snapshots/a09a35458c702b33eeacc393d103063234e8bc28,41,reflection,2052,56,2108,1.5146037019994765,0.6614578609996897,36.97336796818377,-1,True,1.0,-1,-1,-1
long-session,summary_memory,summary_memory,vllm,/home/vip/.cache/huggingface/hub/models--Qwen--Qwen2.5-7B-Instruct/snapshots/a09a35458c702b33eeacc393d103063234e8bc28,42,reflection,2054,56,2110,1.3756410129999495,0.496487516000343,40.708294875475666,-1,True,1.0,-1,-1,-1
long-session,summary_memory,summary_memory,vllm,/home/vip/.cache/huggingface/hub/models--Qwen--Qwen2.5-7B-Instruct/snapshots/a09a35458c702b33eeacc393d103063234e8bc28,43,reflection,2047,42,2089,1.3811288639999475,0.7444612380004401,30.409906776086025,-1,True,1.0,-1,-1,-1
long-session,summary_memory,summary_memory,vllm,/home/vip/.cache/huggingface/hub/models--Qwen--Qwen2.5-7B-Instruct/snapshots/a09a35458c702b33eeacc393d103063234e8bc28,44,reflection,2032,42,2074,1.116017907999776,0.4754486709998673,37.63380470773631,-1,True,1.0,-1,-1,-1
long-session,summary_memory,summary_memory,vllm,/home/vip/.cache/huggingface/hub/models--Qwen--Qwen2.5-7B-Instruct/snapshots/a09a35458c702b33eeacc393d103063234e8bc28,45,tool_calling,2179,57,2236,1.3873938920005457,0.49997017700025026,41.41177720820529,-1,True,1.0,-1,-1,-1
long-session,summary_memory,summary_memory,vllm,/home/vip/.cache/huggingface/hub/models--Qwen--Qwen2.5-7B-Instruct/snapshots/a09a35458c702b33eeacc393d103063234e8bc28,46,reflection,2033,57,2090,1.501580047999596,0.6281122450000112,37.96001423696017,-1,True,1.0,-1,-1,-1
long-session,summary_memory,summary_memory,vllm,/home/vip/.cache/huggingface/hub/models--Qwen--Qwen2.5-7B-Instruct/snapshots/a09a35458c702b33eeacc393d103063234e8bc28,47,reflection,2033,57,2090,1.6156815610002013,0.7420916239998405,35.27922913517294,-1,True,1.0,-1,-1,-1
long-session,summary_memory,summary_memory,vllm,/home/vip/.cache/huggingface/hub/models--Qwen--Qwen2.5-7B-Instruct/snapshots/a09a35458c702b33eeacc393d103063234e8bc28,48,reflection,1988,43,2031,1.1426354240002183,0.4813321639994683,37.63230081688049,-1,True,1.0,-1,-1,-1
long-session,summary_memory,summary_memory,vllm,/home/vip/.cache/huggingface/hub/models--Qwen--Qwen2.5-7B-Instruct/snapshots/a09a35458c702b33eeacc393d103063234e8bc28,49,reflection,1987,43,2030,1.3150406180002392,0.6600717969995458,32.698609770236146,-1,True,1.0,-1,-1,-1
long-session,summary_memory,summary_memory,vllm,/home/vip/.cache/huggingface/hub/models--Qwen--Qwen2.5-7B-Instruct/snapshots/a09a35458c702b33eeacc393d103063234e8bc28,50,final_answer,1967,106,2073,2.1259463309997955,0.4709980309999082,49.86014860974879,-1,False,0.583333,-1,-1,-1
multi-stage,full_history,full_history,vllm,/home/vip/.cache/huggingface/hub/models--Qwen--Qwen2.5-7B-Instruct/snapshots/a09a35458c702b33eeacc393d103063234e8bc28,1,planning,705,285,990,6.320550338999965,1.9173426980005388,45.09101023077883,-1,True,1.0,-1,-1,-1
multi-stage,full_history,full_history,vllm,/home/vip/.cache/huggingface/hub/models--Qwen--Qwen2.5-7B-Instruct/snapshots/a09a35458c702b33eeacc393d103063234e8bc28,2,tool_calling,14010,136,14146,4.016561606000323,1.7983279729996866,34.027426343822974,-1,True,1.0,-1,-1,-1
multi-stage,full_history,full_history,vllm,/home/vip/.cache/huggingface/hub/models--Qwen--Qwen2.5-7B-Instruct/snapshots/a09a35458c702b33eeacc393d103063234e8bc28,3,reflection,14179,279,14458,4.880375114000344,0.3485877490002167,57.16773679949969,-1,False,0.666667,-1,-1,-1
multi-stage,full_history,full_history,vllm,/home/vip/.cache/huggingface/hub/models--Qwen--Qwen2.5-7B-Instruct/snapshots/a09a35458c702b33eeacc393d103063234e8bc28,4,final_answer,14487,227,14714,4.085847018000095,0.39741587299977255,55.55763566280316,-1,False,0.9,-1,-1,-1
multi-stage,event_sourced_memory,event_sourced_memory,vllm,/home/vip/.cache/huggingface/hub/models--Qwen--Qwen2.5-7B-Instruct/snapshots/a09a35458c702b33eeacc393d103063234e8bc28,1,planning,510,300,810,7.9130244090001725,0.29608083099992655,37.912179274814804,-1,True,1.0,-1,-1,-1
multi-stage,event_sourced_memory,event_sourced_memory,vllm,/home/vip/.cache/huggingface/hub/models--Qwen--Qwen2.5-7B-Instruct/snapshots/a09a35458c702b33eeacc393d103063234e8bc28,2,tool_calling,2007,537,2544,10.335697358001198,0.3831649350004227,60.318832462096935,-1,True,1.0,-1,-1,-1
multi-stage,event_sourced_memory,event_sourced_memory,vllm,/home/vip/.cache/huggingface/hub/models--Qwen--Qwen2.5-7B-Instruct/snapshots/a09a35458c702b33eeacc393d103063234e8bc28,3,reflection,1197,458,1655,7.485752843000228,0.3721660420005719,61.18289096710778,-1,True,1.0,-1,-1,-1
multi-stage,event_sourced_memory,event_sourced_memory,vllm,/home/vip/.cache/huggingface/hub/models--Qwen--Qwen2.5-7B-Instruct/snapshots/a09a35458c702b33eeacc393d103063234e8bc28,4,final_answer,1081,308,1389,5.1306790670005284,0.35595326900056534,60.031039941865124,-1,True,1.0,-1,-1,-1
multi-stage,full_history,full_history,vllm,/home/vip/.cache/huggingface/hub/models--Qwen--Qwen2.5-7B-Instruct/snapshots/a09a35458c702b33eeacc393d103063234e8bc28,1,planning,705,285,990,6.320550338999965,1.9173426980005388,45.09101023077883,-1,True,1.0,-1,-1,-1
multi-stage,full_history,full_history,vllm,/home/vip/.cache/huggingface/hub/models--Qwen--Qwen2.5-7B-Instruct/snapshots/a09a35458c702b33eeacc393d103063234e8bc28,2,tool_calling,14010,136,14146,4.016561606000323,1.7983279729996866,34.027426343822974,-1,True,1.0,-1,-1,-1
multi-stage,full_history,full_history,vllm,/home/vip/.cache/huggingface/hub/models--Qwen--Qwen2.5-7B-Instruct/snapshots/a09a35458c702b33eeacc393d103063234e8bc28,3,reflection,14179,279,14458,4.880375114000344,0.3485877490002167,57.16773679949969,-1,False,0.666667,-1,-1,-1
multi-stage,full_history,full_history,vllm,/home/vip/.cache/huggingface/hub/models--Qwen--Qwen2.5-7B-Instruct/snapshots/a09a35458c702b33eeacc393d103063234e8bc28,4,final_answer,14487,227,14714,4.085847018000095,0.39741587299977255,55.55763566280316,-1,False,0.9,-1,-1,-1
multi-stage,event_sourced_memory,event_sourced_memory,vllm,/home/vip/.cache/huggingface/hub/models--Qwen--Qwen2.5-7B-Instruct/snapshots/a09a35458c702b33eeacc393d103063234e8bc28,1,planning,510,300,810,7.9130244090001725,0.29608083099992655,37.912179274814804,-1,True,1.0,-1,-1,-1
multi-stage,event_sourced_memory,event_sourced_memory,vllm,/home/vip/.cache/huggingface/hub/models--Qwen--Qwen2.5-7B-Instruct/snapshots/a09a35458c702b33eeacc393d103063234e8bc28,2,tool_calling,2007,537,2544,10.335697358001198,0.3831649350004227,60.318832462096935,-1,True,1.0,-1,-1,-1
multi-stage,event_sourced_memory,event_sourced_memory,vllm,/home/vip/.cache/huggingface/hub/models--Qwen--Qwen2.5-7B-Instruct/snapshots/a09a35458c702b33eeacc393d103063234e8bc28,3,reflection,1197,458,1655,7.485752843000228,0.3721660420005719,61.18289096710778,-1,True,1.0,-1,-1,-1
multi-stage,event_sourced_memory,event_sourced_memory,vllm,/home/vip/.cache/huggingface/hub/models--Qwen--Qwen2.5-7B-Instruct/snapshots/a09a35458c702b33eeacc393d103063234e8bc28,4,final_answer,1081,308,1389,5.1306790670005284,0.35595326900056534,60.031039941865124,-1,True,1.0,-1,-1,-1
multi-stage,summary_memory,summary_memory,vllm,/home/vip/.cache/huggingface/hub/models--Qwen--Qwen2.5-7B-Instruct/snapshots/a09a35458c702b33eeacc393d103063234e8bc28,1,planning,356,173,529,2.9644631060000393,0.29559559100016486,58.35795346882543,-1,True,1.0,-1,-1,-1
multi-stage,summary_memory,summary_memory,vllm,/home/vip/.cache/huggingface/hub/models--Qwen--Qwen2.5-7B-Instruct/snapshots/a09a35458c702b33eeacc393d103063234e8bc28,2,tool_calling,1762,252,2014,4.408106515000327,0.4519963660004578,57.25630685359525,-1,True,1.0,-1,-1,-1
multi-stage,summary_memory,summary_memory,vllm,/home/vip/.cache/huggingface/hub/models--Qwen--Qwen2.5-7B-Instruct/snapshots/a09a35458c702b33eeacc393d103063234e8bc28,3,reflection,1910,231,2141,5.823220776000198,0.6496207640002467,39.66876903449077,-1,True,1.0,-1,-1,-1
multi-stage,summary_memory,summary_memory,vllm,/home/vip/.cache/huggingface/hub/models--Qwen--Qwen2.5-7B-Instruct/snapshots/a09a35458c702b33eeacc393d103063234e8bc28,4,final_answer,2173,331,2504,8.711588604999633,0.3672743469996931,37.99536628830671,-1,False,0.9,-1,-1,-1
prefix-cache,baseline,baseline,vllm,/home/vip/.cache/huggingface/hub/models--Qwen--Qwen2.5-7B-Instruct/snapshots/a09a35458c702b33eeacc393d103063234e8bc28,1,prefix_cache,324,136,460,3.60399746999974,1.5144568209998397,37.73587554710736,-1,True,1.0,-1.0,-1.0,-1.0
prefix-cache,baseline,baseline,vllm,/home/vip/.cache/huggingface/hub/models--Qwen--Qwen2.5-7B-Instruct/snapshots/a09a35458c702b33eeacc393d103063234e8bc28,2,prefix_cache,324,137,461,2.428890403999503,0.3123591399998986,56.40435639846516,-1,True,1.0,-1.0,-1.0,-1.0
prefix-cache,baseline,baseline,vllm,/home/vip/.cache/huggingface/hub/models--Qwen--Qwen2.5-7B-Instruct/snapshots/a09a35458c702b33eeacc393d103063234e8bc28,3,prefix_cache,324,149,473,2.7618731470001876,0.44837205699968763,53.94889340295609,-1,True,1.0,-1.0,-1.0,-1.0
prefix-cache,baseline,baseline,vllm,/home/vip/.cache/huggingface/hub/models--Qwen--Qwen2.5-7B-Instruct/snapshots/a09a35458c702b33eeacc393d103063234e8bc28,4,prefix_cache,324,152,476,3.0810851169999296,0.5037619149998136,49.33326871151267,-1,True,1.0,-1.0,-1.0,-1.0
prefix-cache,baseline,baseline,vllm,/home/vip/.cache/huggingface/hub/models--Qwen--Qwen2.5-7B-Instruct/snapshots/a09a35458c702b33eeacc393d103063234e8bc28,5,prefix_cache,324,100,424,1.9666196439993655,0.42405814899939287,50.84867341029787,-1,True,1.0,-1.0,-1.0,-1.0
prefix-cache,baseline,baseline,vllm,/home/vip/.cache/huggingface/hub/models--Qwen--Qwen2.5-7B-Instruct/snapshots/a09a35458c702b33eeacc393d103063234e8bc28,6,prefix_cache,325,187,512,5.131621541000641,0.5667676279999796,36.440723172179986,-1,True,1.0,-1.0,-1.0,-1.0
prefix-cache,optimized,optimized,vllm,/home/vip/.cache/huggingface/hub/models--Qwen--Qwen2.5-7B-Instruct/snapshots/a09a35458c702b33eeacc393d103063234e8bc28,1,prefix_cache,358,171,529,3.4179812429993035,0.36786309799936134,50.02953142304147,-1,True,1.0,-1.0,-1.0,-1.0
prefix-cache,optimized,optimized,vllm,/home/vip/.cache/huggingface/hub/models--Qwen--Qwen2.5-7B-Instruct/snapshots/a09a35458c702b33eeacc393d103063234e8bc28,2,prefix_cache,358,169,527,6.236453784000332,0.29584510499989847,27.098733647889883,-1,True,1.0,-1.0,-1.0,-1.0
prefix-cache,optimized,optimized,vllm,/home/vip/.cache/huggingface/hub/models--Qwen--Qwen2.5-7B-Instruct/snapshots/a09a35458c702b33eeacc393d103063234e8bc28,3,prefix_cache,358,95,453,1.7513839319999533,0.28832797699942603,54.24281807331468,-1,True,1.0,-1.0,-1.0,-1.0
prefix-cache,optimized,optimized,vllm,/home/vip/.cache/huggingface/hub/models--Qwen--Qwen2.5-7B-Instruct/snapshots/a09a35458c702b33eeacc393d103063234e8bc28,4,prefix_cache,358,121,479,4.335686299999907,0.2978680880005413,27.907923135491284,-1,True,1.0,-1.0,-1.0,-1.0
prefix-cache,optimized,optimized,vllm,/home/vip/.cache/huggingface/hub/models--Qwen--Qwen2.5-7B-Instruct/snapshots/a09a35458c702b33eeacc393d103063234e8bc28,5,prefix_cache,358,154,512,2.720101484999759,0.2973730499998055,56.61553469576288,-1,True,1.0,-1.0,-1.0,-1.0
prefix-cache,optimized,optimized,vllm,/home/vip/.cache/huggingface/hub/models--Qwen--Qwen2.5-7B-Instruct/snapshots/a09a35458c702b33eeacc393d103063234e8bc28,6,prefix_cache,358,168,526,6.2898276840005565,0.29804136700022354,26.709793724133625,-1,True,1.0,-1.0,-1.0,-1.0
tool-heavy,baseline,baseline,vllm,/home/vip/.cache/huggingface/hub/models--Qwen--Qwen2.5-7B-Instruct/snapshots/a09a35458c702b33eeacc393d103063234e8bc28,1,tool_calling,13697,156,13853,4.193704979000358,1.6769038550000914,37.29350516266379,-1,True,1.0,-1,-1,-1
tool-heavy,optimized,optimized,vllm,/home/vip/.cache/huggingface/hub/models--Qwen--Qwen2.5-7B-Instruct/snapshots/a09a35458c702b33eeacc393d103063234e8bc28,1,tool_calling,2086,713,2799,11.739564361000703,0.29615698199995677,61.43413228595417,-1,True,1.0,-1,-1,-1
